[10-Nov-2025 12:27:36 Asia/Shanghai] PHP Warning:  Undefined array key "REQUEST_METHOD" in /www/wwwroot/providence-admin/config/bootstrap.php on line 31
[10-Nov-2025 13:04:10 Asia/Shanghai] PHP Warning:  Undefined array key "REQUEST_METHOD" in /www/wwwroot/providence-admin/config/bootstrap.php on line 33
[10-Nov-2025 13:04:10 Asia/Shanghai] SQL Error: SQLSTATE[42S02]: Base table or view not found: 1146 Table 'providence.prov_users' doesn't exist
[10-Nov-2025 13:04:10 Asia/Shanghai] SQL Error: SQLSTATE[42S02]: Base table or view not found: 1146 Table 'providence.prov_users' doesn't exist
[10-Nov-2025 13:13:30 Asia/Shanghai] PHP Warning:  Undefined array key "REQUEST_METHOD" in /www/wwwroot/providence-admin/config/bootstrap.php on line 33
[10-Nov-2025 13:13:30 Asia/Shanghai] SQL Error: SQLSTATE[42S02]: Base table or view not found: 1146 Table 'providence.prov_users' doesn't exist
[10-Nov-2025 13:13:30 Asia/Shanghai] SQL Error: SQLSTATE[42S02]: Base table or view not found: 1146 Table 'providence.prov_recharge_records' doesn't exist
[10-Nov-2025 13:13:30 Asia/Shanghai] SQL Error: SQLSTATE[42S02]: Base table or view not found: 1146 Table 'providence.prov_withdraw_records' doesn't exist
[10-Nov-2025 13:13:30 Asia/Shanghai] SQL Error: SQLSTATE[42S02]: Base table or view not found: 1146 Table 'providence.prov_users' doesn't exist
[10-Nov-2025 13:13:30 Asia/Shanghai] SQL Error: SQLSTATE[42S02]: Base table or view not found: 1146 Table 'providence.prov_recharge_records' doesn't exist
[10-Nov-2025 13:13:30 Asia/Shanghai] SQL Error: SQLSTATE[42S02]: Base table or view not found: 1146 Table 'providence.prov_withdraw_records' doesn't exist
[10-Nov-2025 13:13:30 Asia/Shanghai] SQL Error: SQLSTATE[42S02]: Base table or view not found: 1146 Table 'providence.prov_user_investments' doesn't exist
[10-Nov-2025 13:13:30 Asia/Shanghai] SQL Error: SQLSTATE[42S02]: Base table or view not found: 1146 Table 'providence.prov_projects' doesn't exist
[10-Nov-2025 13:13:30 Asia/Shanghai] SQL Error: SQLSTATE[42S02]: Base table or view not found: 1146 Table 'providence.prov_user_investments' doesn't exist
[10-Nov-2025 13:13:30 Asia/Shanghai] SQL Error: SQLSTATE[42S02]: Base table or view not found: 1146 Table 'providence.prov_recharge_records' doesn't exist
[10-Nov-2025 13:13:30 Asia/Shanghai] SQL Error: SQLSTATE[42S02]: Base table or view not found: 1146 Table 'providence.prov_withdraw_records' doesn't exist
[10-Nov-2025 14:26:00 Asia/Shanghai] PHP Warning:  Undefined array key "REQUEST_METHOD" in /www/wwwroot/providence-admin/config/bootstrap.php on line 33
[10-Nov-2025 14:26:00 Asia/Shanghai] SQL Error: SQLSTATE[HY093]: Invalid parameter number
[10-Nov-2025 14:26:16 Asia/Shanghai] PHP Warning:  Undefined array key "REQUEST_METHOD" in /www/wwwroot/providence-admin/config/bootstrap.php on line 33
[10-Nov-2025 23:04:30 Asia/Shanghai] PHP Warning:  Undefined array key "REQUEST_METHOD" in /www/wwwroot/providence-admin/config/bootstrap.php on line 34
[10-Nov-2025 23:04:30 Asia/Shanghai] PHP Warning:  Undefined array key "REQUEST_METHOD" in /www/wwwroot/providence-admin/config/bootstrap.php on line 34
[10-Nov-2025 23:04:30 Asia/Shanghai] PHP Warning:  Undefined array key "REQUEST_METHOD" in /www/wwwroot/providence-admin/config/Response.php on line 48
[10-Nov-2025 23:43:50 Asia/Shanghai] PHP Warning:  Undefined array key "REQUEST_METHOD" in /www/wwwroot/providence-admin/config/bootstrap.php on line 34
[10-Nov-2025 23:43:51 Asia/Shanghai] PHP Warning:  Undefined array key "REQUEST_METHOD" in /www/wwwroot/providence-admin/config/bootstrap.php on line 34
[10-Nov-2025 23:43:51 Asia/Shanghai] SQL Error: SQLSTATE[42S22]: Column not found: 1054 Unknown column 'real_name' in 'field list'
[10-Nov-2025 23:43:51 Asia/Shanghai] PHP Warning:  Undefined array key "REQUEST_METHOD" in /www/wwwroot/providence-admin/config/Response.php on line 48
[10-Nov-2025 23:44:29 Asia/Shanghai] PHP Warning:  Undefined array key "REQUEST_METHOD" in /www/wwwroot/providence-admin/config/bootstrap.php on line 34
[10-Nov-2025 23:44:29 Asia/Shanghai] PHP Warning:  Undefined array key "REQUEST_METHOD" in /www/wwwroot/providence-admin/config/Response.php on line 48
[10-Nov-2025 23:47:44 Asia/Shanghai] PHP Warning:  Undefined array key "REQUEST_METHOD" in /www/wwwroot/providence-admin/config/bootstrap.php on line 34
[10-Nov-2025 23:47:44 Asia/Shanghai] PHP Warning:  Undefined array key "REQUEST_METHOD" in /www/wwwroot/providence-admin/config/Response.php on line 48
[10-Nov-2025 23:53:52 Asia/Shanghai] PHP Warning:  Undefined array key "REQUEST_METHOD" in /www/wwwroot/providence-admin/config/bootstrap.php on line 34
[10-Nov-2025 23:53:52 Asia/Shanghai] SQL Error: SQLSTATE[42S22]: Column not found: 1054 Unknown column 'invest_amount' in 'field list'
[10-Nov-2025 23:53:52 Asia/Shanghai] PHP Warning:  Undefined array key "REQUEST_METHOD" in /www/wwwroot/providence-admin/config/Response.php on line 48
[11-Nov-2025 00:06:45 Asia/Shanghai] 更新用户 1, 数据: {"is_internal":1,"updated_at":"2025-11-11 00:06:45"}
[11-Nov-2025 00:06:45 Asia/Shanghai] PHP Warning:  Array to string conversion in /www/wwwroot/providence-admin/config/Database.php on line 80
[11-Nov-2025 00:06:45 Asia/Shanghai] SQL Error: SQLSTATE[42S22]: Column not found: 1054 Unknown column 'Array' in 'where clause'
[11-Nov-2025 00:06:45 Asia/Shanghai] 更新结果: false
[11-Nov-2025 00:06:45 Asia/Shanghai] 用户编辑API错误: 数据库更新失败
[11-Nov-2025 00:07:14 Asia/Shanghai] 更新用户 1, 数据: {"is_internal":1,"updated_at":"2025-11-11 00:07:14"}
[11-Nov-2025 00:07:14 Asia/Shanghai] 更新结果: true
[11-Nov-2025 00:07:26 Asia/Shanghai] PHP Warning:  Undefined array key "REQUEST_METHOD" in /www/wwwroot/providence-admin/config/bootstrap.php on line 34
[11-Nov-2025 02:19:16 Asia/Shanghai] PHP Warning:  Undefined array key "REQUEST_METHOD" in /www/wwwroot/providence-admin/config/bootstrap.php on line 34
[11-Nov-2025 02:19:27 Asia/Shanghai] PHP Warning:  Undefined array key "REQUEST_METHOD" in /www/wwwroot/providence-admin/config/bootstrap.php on line 34
[11-Nov-2025 06:23:49 Asia/Shanghai] PHP Warning:  Undefined array key "REQUEST_METHOD" in /www/wwwroot/providence-admin/config/bootstrap.php on line 34
[11-Nov-2025 06:24:04 Asia/Shanghai] PHP Warning:  Undefined array key "REQUEST_METHOD" in /www/wwwroot/providence-admin/config/bootstrap.php on line 34
[11-Nov-2025 06:24:04 Asia/Shanghai] SQL Error: SQLSTATE[42S22]: Column not found: 1054 Unknown column 'invest_amount' in 'field list'
[11-Nov-2025 06:24:04 Asia/Shanghai] SQL Error: SQLSTATE[42S22]: Column not found: 1054 Unknown column 'invest_amount' in 'field list'
[11-Nov-2025 06:49:45 Asia/Shanghai] PHP Warning:  Undefined array key "REQUEST_METHOD" in /www/wwwroot/providence-admin/config/bootstrap.php on line 34
[17-Nov-2025 03:44:47 Asia/Shanghai] SQL Error: SQLSTATE[42S22]: Column not found: 1054 Unknown column 'type' in 'field list'
[17-Nov-2025 03:46:34 Asia/Shanghai] SQL Error: SQLSTATE[23000]: Integrity constraint violation: 1052 Column 'status' in where clause is ambiguous
[17-Nov-2025 03:47:00 Asia/Shanghai] SQL Error: SQLSTATE[23000]: Integrity constraint violation: 1052 Column 'status' in where clause is ambiguous
[17-Nov-2025 03:47:14 Asia/Shanghai] SQL Error: SQLSTATE[23000]: Integrity constraint violation: 1052 Column 'status' in where clause is ambiguous
[17-Nov-2025 03:47:48 Asia/Shanghai] SQL Error: SQLSTATE[23000]: Integrity constraint violation: 1052 Column 'status' in where clause is ambiguous
[17-Nov-2025 03:49:55 Asia/Shanghai] SQL Error: SQLSTATE[23000]: Integrity constraint violation: 1052 Column 'status' in where clause is ambiguous
[17-Nov-2025 04:06:51 Asia/Shanghai] SQL Error: SQLSTATE[23000]: Integrity constraint violation: 1052 Column 'status' in where clause is ambiguous
[17-Nov-2025 04:06:53 Asia/Shanghai] SQL Error: SQLSTATE[23000]: Integrity constraint violation: 1052 Column 'status' in where clause is ambiguous
[17-Nov-2025 04:08:08 Asia/Shanghai] SQL Error: SQLSTATE[23000]: Integrity constraint violation: 1052 Column 'status' in where clause is ambiguous
[17-Nov-2025 04:08:09 Asia/Shanghai] SQL Error: SQLSTATE[23000]: Integrity constraint violation: 1052 Column 'status' in where clause is ambiguous
[17-Nov-2025 04:08:12 Asia/Shanghai] SQL Error: SQLSTATE[23000]: Integrity constraint violation: 1052 Column 'status' in where clause is ambiguous
[17-Nov-2025 04:09:18 Asia/Shanghai] SQL Error: SQLSTATE[23000]: Integrity constraint violation: 1052 Column 'status' in where clause is ambiguous
[17-Nov-2025 04:09:35 Asia/Shanghai] SQL Error: SQLSTATE[23000]: Integrity constraint violation: 1052 Column 'status' in where clause is ambiguous
[17-Nov-2025 04:10:07 Asia/Shanghai] SQL Error: SQLSTATE[23000]: Integrity constraint violation: 1052 Column 'status' in where clause is ambiguous
[17-Nov-2025 04:10:19 Asia/Shanghai] SQL Error: SQLSTATE[23000]: Integrity constraint violation: 1052 Column 'status' in where clause is ambiguous
[17-Nov-2025 04:37:20 Asia/Shanghai] SQL Error: SQLSTATE[23000]: Integrity constraint violation: 1052 Column 'status' in where clause is ambiguous
[17-Nov-2025 04:41:54 Asia/Shanghai] SQL Error: SQLSTATE[23000]: Integrity constraint violation: 1052 Column 'status' in where clause is ambiguous
[17-Nov-2025 04:43:06 Asia/Shanghai] SQL Error: SQLSTATE[23000]: Integrity constraint violation: 1052 Column 'status' in where clause is ambiguous
[17-Nov-2025 04:43:23 Asia/Shanghai] SQL Error: SQLSTATE[23000]: Integrity constraint violation: 1052 Column 'status' in where clause is ambiguous
[17-Nov-2025 04:45:08 Asia/Shanghai] SQL Error: SQLSTATE[23000]: Integrity constraint violation: 1052 Column 'status' in where clause is ambiguous
[17-Nov-2025 04:45:21 Asia/Shanghai] SQL Error: SQLSTATE[23000]: Integrity constraint violation: 1052 Column 'status' in where clause is ambiguous
[17-Nov-2025 04:45:37 Asia/Shanghai] SQL Error: SQLSTATE[23000]: Integrity constraint violation: 1052 Column 'status' in where clause is ambiguous
[17-Nov-2025 04:47:46 Asia/Shanghai] SQL Error: SQLSTATE[23000]: Integrity constraint violation: 1052 Column 'status' in where clause is ambiguous
[17-Nov-2025 04:47:52 Asia/Shanghai] SQL Error: SQLSTATE[23000]: Integrity constraint violation: 1052 Column 'status' in where clause is ambiguous
[17-Nov-2025 04:48:15 Asia/Shanghai] SQL Error: SQLSTATE[23000]: Integrity constraint violation: 1052 Column 'status' in where clause is ambiguous
[17-Nov-2025 04:49:02 Asia/Shanghai] SQL Error: SQLSTATE[23000]: Integrity constraint violation: 1052 Column 'status' in where clause is ambiguous
[17-Nov-2025 04:49:47 Asia/Shanghai] SQL Error: SQLSTATE[23000]: Integrity constraint violation: 1052 Column 'status' in where clause is ambiguous
[17-Nov-2025 04:50:29 Asia/Shanghai] SQL Error: SQLSTATE[23000]: Integrity constraint violation: 1052 Column 'status' in where clause is ambiguous
[17-Nov-2025 04:51:29 Asia/Shanghai] SQL Error: SQLSTATE[23000]: Integrity constraint violation: 1052 Column 'status' in where clause is ambiguous
[17-Nov-2025 04:51:54 Asia/Shanghai] SQL Error: SQLSTATE[23000]: Integrity constraint violation: 1052 Column 'status' in where clause is ambiguous
[17-Nov-2025 04:53:38 Asia/Shanghai] SQL Error: SQLSTATE[23000]: Integrity constraint violation: 1052 Column 'status' in where clause is ambiguous
[17-Nov-2025 04:53:40 Asia/Shanghai] SQL Error: SQLSTATE[23000]: Integrity constraint violation: 1052 Column 'status' in where clause is ambiguous
[17-Nov-2025 04:53:42 Asia/Shanghai] SQL Error: SQLSTATE[23000]: Integrity constraint violation: 1052 Column 'status' in where clause is ambiguous
[17-Nov-2025 04:53:46 Asia/Shanghai] SQL Error: SQLSTATE[23000]: Integrity constraint violation: 1052 Column 'status' in where clause is ambiguous
[17-Nov-2025 04:53:51 Asia/Shanghai] SQL Error: SQLSTATE[23000]: Integrity constraint violation: 1052 Column 'status' in where clause is ambiguous
[17-Nov-2025 04:53:53 Asia/Shanghai] SQL Error: SQLSTATE[23000]: Integrity constraint violation: 1052 Column 'status' in where clause is ambiguous
[17-Nov-2025 04:54:03 Asia/Shanghai] SQL Error: SQLSTATE[23000]: Integrity constraint violation: 1052 Column 'status' in where clause is ambiguous
[17-Nov-2025 04:54:04 Asia/Shanghai] SQL Error: SQLSTATE[23000]: Integrity constraint violation: 1052 Column 'status' in where clause is ambiguous
[17-Nov-2025 04:55:55 Asia/Shanghai] SQL Error: SQLSTATE[23000]: Integrity constraint violation: 1052 Column 'status' in where clause is ambiguous
[17-Nov-2025 04:56:23 Asia/Shanghai] SQL Error: SQLSTATE[23000]: Integrity constraint violation: 1052 Column 'status' in where clause is ambiguous
[17-Nov-2025 04:56:27 Asia/Shanghai] SQL Error: SQLSTATE[23000]: Integrity constraint violation: 1052 Column 'status' in where clause is ambiguous
[17-Nov-2025 04:57:37 Asia/Shanghai] SQL Error: SQLSTATE[23000]: Integrity constraint violation: 1052 Column 'status' in where clause is ambiguous
[17-Nov-2025 04:57:42 Asia/Shanghai] SQL Error: SQLSTATE[23000]: Integrity constraint violation: 1052 Column 'status' in where clause is ambiguous
[17-Nov-2025 04:58:29 Asia/Shanghai] SQL Error: SQLSTATE[23000]: Integrity constraint violation: 1052 Column 'status' in where clause is ambiguous
[17-Nov-2025 05:02:19 Asia/Shanghai] SQL Error: SQLSTATE[23000]: Integrity constraint violation: 1052 Column 'status' in where clause is ambiguous
[17-Nov-2025 05:02:36 Asia/Shanghai] SQL Error: SQLSTATE[23000]: Integrity constraint violation: 1052 Column 'status' in where clause is ambiguous
[17-Nov-2025 05:02:38 Asia/Shanghai] SQL Error: SQLSTATE[23000]: Integrity constraint violation: 1052 Column 'status' in where clause is ambiguous
[17-Nov-2025 05:02:39 Asia/Shanghai] SQL Error: SQLSTATE[23000]: Integrity constraint violation: 1052 Column 'status' in where clause is ambiguous
[17-Nov-2025 05:02:42 Asia/Shanghai] SQL Error: SQLSTATE[23000]: Integrity constraint violation: 1052 Column 'status' in where clause is ambiguous
[17-Nov-2025 05:03:00 Asia/Shanghai] SQL Error: SQLSTATE[23000]: Integrity constraint violation: 1052 Column 'status' in where clause is ambiguous
[17-Nov-2025 05:05:18 Asia/Shanghai] SQL Error: SQLSTATE[23000]: Integrity constraint violation: 1052 Column 'status' in where clause is ambiguous
[17-Nov-2025 05:05:39 Asia/Shanghai] SQL Error: SQLSTATE[23000]: Integrity constraint violation: 1052 Column 'status' in where clause is ambiguous
[17-Nov-2025 05:05:49 Asia/Shanghai] SQL Error: SQLSTATE[42S22]: Column not found: 1054 Unknown column 'type' in 'field list'
[17-Nov-2025 05:07:28 Asia/Shanghai] SQL Error: SQLSTATE[23000]: Integrity constraint violation: 1052 Column 'status' in where clause is ambiguous
[17-Nov-2025 05:08:24 Asia/Shanghai] SQL Error: SQLSTATE[23000]: Integrity constraint violation: 1052 Column 'status' in where clause is ambiguous
[17-Nov-2025 05:10:46 Asia/Shanghai] SQL Error: SQLSTATE[23000]: Integrity constraint violation: 1052 Column 'status' in where clause is ambiguous
[17-Nov-2025 05:10:47 Asia/Shanghai] SQL Error: SQLSTATE[23000]: Integrity constraint violation: 1052 Column 'status' in where clause is ambiguous
[17-Nov-2025 05:10:56 Asia/Shanghai] SQL Error: SQLSTATE[23000]: Integrity constraint violation: 1052 Column 'status' in where clause is ambiguous
[17-Nov-2025 05:13:50 Asia/Shanghai] SQL Error: SQLSTATE[23000]: Integrity constraint violation: 1052 Column 'status' in where clause is ambiguous
[17-Nov-2025 05:14:50 Asia/Shanghai] SQL Error: SQLSTATE[23000]: Integrity constraint violation: 1052 Column 'status' in where clause is ambiguous
[17-Nov-2025 05:15:00 Asia/Shanghai] SQL Error: SQLSTATE[23000]: Integrity constraint violation: 1052 Column 'status' in where clause is ambiguous
[17-Nov-2025 05:15:00 Asia/Shanghai] SQL Error: SQLSTATE[23000]: Integrity constraint violation: 1052 Column 'status' in where clause is ambiguous
[17-Nov-2025 05:15:26 Asia/Shanghai] SQL Error: SQLSTATE[23000]: Integrity constraint violation: 1052 Column 'status' in where clause is ambiguous
[17-Nov-2025 05:15:42 Asia/Shanghai] SQL Error: SQLSTATE[23000]: Integrity constraint violation: 1052 Column 'status' in where clause is ambiguous
[17-Nov-2025 05:16:00 Asia/Shanghai] SQL Error: SQLSTATE[23000]: Integrity constraint violation: 1052 Column 'status' in where clause is ambiguous
[17-Nov-2025 05:16:08 Asia/Shanghai] SQL Error: SQLSTATE[23000]: Integrity constraint violation: 1052 Column 'status' in where clause is ambiguous
[17-Nov-2025 05:35:40 Asia/Shanghai] SQL Error: SQLSTATE[23000]: Integrity constraint violation: 1052 Column 'status' in where clause is ambiguous
[17-Nov-2025 05:36:36 Asia/Shanghai] SQL Error: SQLSTATE[23000]: Integrity constraint violation: 1052 Column 'status' in where clause is ambiguous
[17-Nov-2025 05:37:27 Asia/Shanghai] SQL Error: SQLSTATE[23000]: Integrity constraint violation: 1052 Column 'status' in where clause is ambiguous
[17-Nov-2025 05:44:35 Asia/Shanghai] SQL Error: SQLSTATE[23000]: Integrity constraint violation: 1052 Column 'status' in where clause is ambiguous
[17-Nov-2025 05:44:42 Asia/Shanghai] SQL Error: SQLSTATE[23000]: Integrity constraint violation: 1052 Column 'status' in where clause is ambiguous
[17-Nov-2025 05:44:48 Asia/Shanghai] SQL Error: SQLSTATE[23000]: Integrity constraint violation: 1052 Column 'status' in where clause is ambiguous
[17-Nov-2025 05:45:05 Asia/Shanghai] SQL Error: SQLSTATE[23000]: Integrity constraint violation: 1052 Column 'status' in where clause is ambiguous
[17-Nov-2025 05:45:07 Asia/Shanghai] SQL Error: SQLSTATE[23000]: Integrity constraint violation: 1052 Column 'status' in where clause is ambiguous
[17-Nov-2025 05:45:11 Asia/Shanghai] SQL Error: SQLSTATE[23000]: Integrity constraint violation: 1052 Column 'status' in where clause is ambiguous
[17-Nov-2025 05:45:13 Asia/Shanghai] SQL Error: SQLSTATE[23000]: Integrity constraint violation: 1052 Column 'status' in where clause is ambiguous
[17-Nov-2025 05:45:15 Asia/Shanghai] SQL Error: SQLSTATE[23000]: Integrity constraint violation: 1052 Column 'status' in where clause is ambiguous
[17-Nov-2025 05:45:53 Asia/Shanghai] SQL Error: SQLSTATE[23000]: Integrity constraint violation: 1052 Column 'status' in where clause is ambiguous
[17-Nov-2025 05:46:58 Asia/Shanghai] SQL Error: SQLSTATE[23000]: Integrity constraint violation: 1052 Column 'status' in where clause is ambiguous
[17-Nov-2025 06:01:35 Asia/Shanghai] SQL Error: SQLSTATE[23000]: Integrity constraint violation: 1052 Column 'status' in where clause is ambiguous
[17-Nov-2025 06:01:38 Asia/Shanghai] SQL Error: SQLSTATE[23000]: Integrity constraint violation: 1052 Column 'status' in where clause is ambiguous
[17-Nov-2025 06:01:40 Asia/Shanghai] SQL Error: SQLSTATE[23000]: Integrity constraint violation: 1052 Column 'status' in where clause is ambiguous
[17-Nov-2025 06:01:42 Asia/Shanghai] SQL Error: SQLSTATE[23000]: Integrity constraint violation: 1052 Column 'status' in where clause is ambiguous
[17-Nov-2025 06:02:39 Asia/Shanghai] SQL Error: SQLSTATE[23000]: Integrity constraint violation: 1052 Column 'status' in where clause is ambiguous
[17-Nov-2025 06:03:09 Asia/Shanghai] SQL Error: SQLSTATE[23000]: Integrity constraint violation: 1052 Column 'status' in where clause is ambiguous
[17-Nov-2025 06:03:39 Asia/Shanghai] SQL Error: SQLSTATE[23000]: Integrity constraint violation: 1052 Column 'status' in where clause is ambiguous
[17-Nov-2025 06:04:53 Asia/Shanghai] SQL Error: SQLSTATE[23000]: Integrity constraint violation: 1052 Column 'status' in where clause is ambiguous
[17-Nov-2025 06:04:55 Asia/Shanghai] SQL Error: SQLSTATE[23000]: Integrity constraint violation: 1052 Column 'status' in where clause is ambiguous
[17-Nov-2025 06:05:25 Asia/Shanghai] SQL Error: SQLSTATE[23000]: Integrity constraint violation: 1052 Column 'status' in where clause is ambiguous
[17-Nov-2025 06:05:26 Asia/Shanghai] SQL Error: SQLSTATE[23000]: Integrity constraint violation: 1052 Column 'status' in where clause is ambiguous
[17-Nov-2025 06:05:58 Asia/Shanghai] SQL Error: SQLSTATE[23000]: Integrity constraint violation: 1052 Column 'status' in where clause is ambiguous
[17-Nov-2025 06:08:32 Asia/Shanghai] SQL Error: SQLSTATE[23000]: Integrity constraint violation: 1052 Column 'status' in where clause is ambiguous
[17-Nov-2025 06:09:26 Asia/Shanghai] SQL Error: SQLSTATE[23000]: Integrity constraint violation: 1052 Column 'status' in where clause is ambiguous
[17-Nov-2025 06:09:35 Asia/Shanghai] SQL Error: SQLSTATE[23000]: Integrity constraint violation: 1052 Column 'status' in where clause is ambiguous
[17-Nov-2025 06:09:42 Asia/Shanghai] SQL Error: SQLSTATE[23000]: Integrity constraint violation: 1052 Column 'status' in where clause is ambiguous
[17-Nov-2025 06:09:44 Asia/Shanghai] SQL Error: SQLSTATE[23000]: Integrity constraint violation: 1052 Column 'status' in where clause is ambiguous
[17-Nov-2025 06:10:00 Asia/Shanghai] SQL Error: SQLSTATE[23000]: Integrity constraint violation: 1052 Column 'status' in where clause is ambiguous
[17-Nov-2025 06:10:07 Asia/Shanghai] SQL Error: SQLSTATE[23000]: Integrity constraint violation: 1052 Column 'status' in where clause is ambiguous
[17-Nov-2025 06:10:09 Asia/Shanghai] SQL Error: SQLSTATE[23000]: Integrity constraint violation: 1052 Column 'status' in where clause is ambiguous
[17-Nov-2025 06:10:42 Asia/Shanghai] SQL Error: SQLSTATE[23000]: Integrity constraint violation: 1052 Column 'status' in where clause is ambiguous
[17-Nov-2025 06:10:51 Asia/Shanghai] SQL Error: SQLSTATE[23000]: Integrity constraint violation: 1052 Column 'status' in where clause is ambiguous
[17-Nov-2025 06:11:02 Asia/Shanghai] SQL Error: SQLSTATE[23000]: Integrity constraint violation: 1052 Column 'status' in where clause is ambiguous
[17-Nov-2025 06:11:36 Asia/Shanghai] SQL Error: SQLSTATE[23000]: Integrity constraint violation: 1052 Column 'status' in where clause is ambiguous
[17-Nov-2025 06:11:39 Asia/Shanghai] SQL Error: SQLSTATE[23000]: Integrity constraint violation: 1052 Column 'status' in where clause is ambiguous
[17-Nov-2025 06:11:54 Asia/Shanghai] SQL Error: SQLSTATE[23000]: Integrity constraint violation: 1052 Column 'status' in where clause is ambiguous
[17-Nov-2025 06:12:00 Asia/Shanghai] SQL Error: SQLSTATE[23000]: Integrity constraint violation: 1052 Column 'status' in where clause is ambiguous
[17-Nov-2025 06:12:23 Asia/Shanghai] SQL Error: SQLSTATE[23000]: Integrity constraint violation: 1052 Column 'status' in where clause is ambiguous
[17-Nov-2025 06:13:07 Asia/Shanghai] SQL Error: SQLSTATE[23000]: Integrity constraint violation: 1052 Column 'status' in where clause is ambiguous
[17-Nov-2025 06:13:13 Asia/Shanghai] SQL Error: SQLSTATE[23000]: Integrity constraint violation: 1052 Column 'status' in where clause is ambiguous
[17-Nov-2025 06:13:28 Asia/Shanghai] SQL Error: SQLSTATE[23000]: Integrity constraint violation: 1052 Column 'status' in where clause is ambiguous
[17-Nov-2025 06:13:31 Asia/Shanghai] SQL Error: SQLSTATE[23000]: Integrity constraint violation: 1052 Column 'status' in where clause is ambiguous
[17-Nov-2025 06:13:53 Asia/Shanghai] SQL Error: SQLSTATE[23000]: Integrity constraint violation: 1052 Column 'status' in where clause is ambiguous
[17-Nov-2025 06:14:00 Asia/Shanghai] SQL Error: SQLSTATE[23000]: Integrity constraint violation: 1052 Column 'status' in where clause is ambiguous
[17-Nov-2025 06:16:20 Asia/Shanghai] SQL Error: SQLSTATE[23000]: Integrity constraint violation: 1052 Column 'status' in where clause is ambiguous
[17-Nov-2025 06:16:21 Asia/Shanghai] SQL Error: SQLSTATE[23000]: Integrity constraint violation: 1052 Column 'status' in where clause is ambiguous
[17-Nov-2025 06:17:05 Asia/Shanghai] SQL Error: SQLSTATE[23000]: Integrity constraint violation: 1052 Column 'status' in where clause is ambiguous
[17-Nov-2025 06:17:55 Asia/Shanghai] SQL Error: SQLSTATE[23000]: Integrity constraint violation: 1052 Column 'status' in where clause is ambiguous
[17-Nov-2025 06:17:57 Asia/Shanghai] SQL Error: SQLSTATE[23000]: Integrity constraint violation: 1052 Column 'status' in where clause is ambiguous
[17-Nov-2025 06:17:58 Asia/Shanghai] SQL Error: SQLSTATE[23000]: Integrity constraint violation: 1052 Column 'status' in where clause is ambiguous
[17-Nov-2025 06:18:00 Asia/Shanghai] SQL Error: SQLSTATE[23000]: Integrity constraint violation: 1052 Column 'status' in where clause is ambiguous
[17-Nov-2025 06:18:04 Asia/Shanghai] SQL Error: SQLSTATE[23000]: Integrity constraint violation: 1052 Column 'status' in where clause is ambiguous
[17-Nov-2025 06:19:46 Asia/Shanghai] SQL Error: SQLSTATE[23000]: Integrity constraint violation: 1052 Column 'status' in where clause is ambiguous
[17-Nov-2025 06:25:35 Asia/Shanghai] SQL Error: SQLSTATE[23000]: Integrity constraint violation: 1052 Column 'status' in where clause is ambiguous
[17-Nov-2025 06:26:37 Asia/Shanghai] SQL Error: SQLSTATE[23000]: Integrity constraint violation: 1052 Column 'status' in where clause is ambiguous
[17-Nov-2025 06:28:31 Asia/Shanghai] SQL Error: SQLSTATE[23000]: Integrity constraint violation: 1052 Column 'status' in where clause is ambiguous
[17-Nov-2025 06:28:37 Asia/Shanghai] SQL Error: SQLSTATE[23000]: Integrity constraint violation: 1052 Column 'status' in where clause is ambiguous
[17-Nov-2025 06:29:27 Asia/Shanghai] SQL Error: SQLSTATE[23000]: Integrity constraint violation: 1052 Column 'status' in where clause is ambiguous
[17-Nov-2025 06:30:00 Asia/Shanghai] SQL Error: SQLSTATE[23000]: Integrity constraint violation: 1052 Column 'status' in where clause is ambiguous
[17-Nov-2025 06:30:02 Asia/Shanghai] SQL Error: SQLSTATE[23000]: Integrity constraint violation: 1052 Column 'status' in where clause is ambiguous
[17-Nov-2025 06:30:03 Asia/Shanghai] SQL Error: SQLSTATE[23000]: Integrity constraint violation: 1052 Column 'status' in where clause is ambiguous
[17-Nov-2025 06:30:04 Asia/Shanghai] SQL Error: SQLSTATE[23000]: Integrity constraint violation: 1052 Column 'status' in where clause is ambiguous
[17-Nov-2025 06:30:06 Asia/Shanghai] SQL Error: SQLSTATE[23000]: Integrity constraint violation: 1052 Column 'status' in where clause is ambiguous
[17-Nov-2025 06:30:08 Asia/Shanghai] SQL Error: SQLSTATE[23000]: Integrity constraint violation: 1052 Column 'status' in where clause is ambiguous
[17-Nov-2025 06:30:44 Asia/Shanghai] SQL Error: SQLSTATE[23000]: Integrity constraint violation: 1052 Column 'status' in where clause is ambiguous
[17-Nov-2025 06:30:50 Asia/Shanghai] SQL Error: SQLSTATE[23000]: Integrity constraint violation: 1052 Column 'status' in where clause is ambiguous
[17-Nov-2025 06:31:17 Asia/Shanghai] SQL Error: SQLSTATE[23000]: Integrity constraint violation: 1052 Column 'status' in where clause is ambiguous
[17-Nov-2025 06:31:33 Asia/Shanghai] SQL Error: SQLSTATE[23000]: Integrity constraint violation: 1052 Column 'status' in where clause is ambiguous
[17-Nov-2025 06:32:21 Asia/Shanghai] SQL Error: SQLSTATE[23000]: Integrity constraint violation: 1052 Column 'status' in where clause is ambiguous
[17-Nov-2025 06:32:37 Asia/Shanghai] SQL Error: SQLSTATE[23000]: Integrity constraint violation: 1052 Column 'status' in where clause is ambiguous
[17-Nov-2025 06:33:30 Asia/Shanghai] SQL Error: SQLSTATE[23000]: Integrity constraint violation: 1052 Column 'status' in where clause is ambiguous
[17-Nov-2025 06:33:48 Asia/Shanghai] SQL Error: SQLSTATE[23000]: Integrity constraint violation: 1052 Column 'status' in where clause is ambiguous
[17-Nov-2025 06:35:04 Asia/Shanghai] SQL Error: SQLSTATE[23000]: Integrity constraint violation: 1052 Column 'status' in where clause is ambiguous
[17-Nov-2025 06:35:07 Asia/Shanghai] SQL Error: SQLSTATE[23000]: Integrity constraint violation: 1052 Column 'status' in where clause is ambiguous
[17-Nov-2025 06:35:10 Asia/Shanghai] SQL Error: SQLSTATE[23000]: Integrity constraint violation: 1052 Column 'status' in where clause is ambiguous
[17-Nov-2025 06:35:28 Asia/Shanghai] SQL Error: SQLSTATE[23000]: Integrity constraint violation: 1052 Column 'status' in where clause is ambiguous
[17-Nov-2025 06:35:29 Asia/Shanghai] SQL Error: SQLSTATE[23000]: Integrity constraint violation: 1052 Column 'status' in where clause is ambiguous
[17-Nov-2025 06:36:14 Asia/Shanghai] SQL Error: SQLSTATE[23000]: Integrity constraint violation: 1052 Column 'status' in where clause is ambiguous
[17-Nov-2025 06:36:30 Asia/Shanghai] SQL Error: SQLSTATE[23000]: Integrity constraint violation: 1052 Column 'status' in where clause is ambiguous
[17-Nov-2025 06:36:32 Asia/Shanghai] SQL Error: SQLSTATE[23000]: Integrity constraint violation: 1052 Column 'status' in where clause is ambiguous
[17-Nov-2025 06:36:57 Asia/Shanghai] SQL Error: SQLSTATE[23000]: Integrity constraint violation: 1052 Column 'status' in where clause is ambiguous
[17-Nov-2025 06:37:00 Asia/Shanghai] SQL Error: SQLSTATE[23000]: Integrity constraint violation: 1052 Column 'status' in where clause is ambiguous
[17-Nov-2025 06:37:02 Asia/Shanghai] SQL Error: SQLSTATE[23000]: Integrity constraint violation: 1052 Column 'status' in where clause is ambiguous
[17-Nov-2025 06:37:03 Asia/Shanghai] SQL Error: SQLSTATE[23000]: Integrity constraint violation: 1052 Column 'status' in where clause is ambiguous
[17-Nov-2025 06:37:06 Asia/Shanghai] SQL Error: SQLSTATE[23000]: Integrity constraint violation: 1052 Column 'status' in where clause is ambiguous
[17-Nov-2025 06:37:24 Asia/Shanghai] SQL Error: SQLSTATE[23000]: Integrity constraint violation: 1052 Column 'status' in where clause is ambiguous
[17-Nov-2025 06:38:03 Asia/Shanghai] SQL Error: SQLSTATE[23000]: Integrity constraint violation: 1052 Column 'status' in where clause is ambiguous
[17-Nov-2025 06:38:06 Asia/Shanghai] SQL Error: SQLSTATE[23000]: Integrity constraint violation: 1052 Column 'status' in where clause is ambiguous
[17-Nov-2025 06:38:19 Asia/Shanghai] SQL Error: SQLSTATE[23000]: Integrity constraint violation: 1052 Column 'status' in where clause is ambiguous
[17-Nov-2025 06:39:54 Asia/Shanghai] SQL Error: SQLSTATE[23000]: Integrity constraint violation: 1052 Column 'status' in where clause is ambiguous
[17-Nov-2025 06:40:04 Asia/Shanghai] SQL Error: SQLSTATE[23000]: Integrity constraint violation: 1052 Column 'status' in where clause is ambiguous
[17-Nov-2025 06:40:13 Asia/Shanghai] SQL Error: SQLSTATE[23000]: Integrity constraint violation: 1052 Column 'status' in where clause is ambiguous
[17-Nov-2025 06:40:17 Asia/Shanghai] SQL Error: SQLSTATE[23000]: Integrity constraint violation: 1052 Column 'status' in where clause is ambiguous
[17-Nov-2025 06:40:40 Asia/Shanghai] SQL Error: SQLSTATE[23000]: Integrity constraint violation: 1052 Column 'status' in where clause is ambiguous
[17-Nov-2025 06:41:00 Asia/Shanghai] SQL Error: SQLSTATE[23000]: Integrity constraint violation: 1052 Column 'status' in where clause is ambiguous
[17-Nov-2025 06:41:57 Asia/Shanghai] SQL Error: SQLSTATE[23000]: Integrity constraint violation: 1052 Column 'status' in where clause is ambiguous
[17-Nov-2025 06:42:06 Asia/Shanghai] SQL Error: SQLSTATE[23000]: Integrity constraint violation: 1052 Column 'status' in where clause is ambiguous
[17-Nov-2025 06:42:08 Asia/Shanghai] SQL Error: SQLSTATE[23000]: Integrity constraint violation: 1052 Column 'status' in where clause is ambiguous
[17-Nov-2025 06:42:09 Asia/Shanghai] SQL Error: SQLSTATE[23000]: Integrity constraint violation: 1052 Column 'status' in where clause is ambiguous
[17-Nov-2025 06:43:48 Asia/Shanghai] SQL Error: SQLSTATE[23000]: Integrity constraint violation: 1052 Column 'status' in where clause is ambiguous
[17-Nov-2025 06:43:59 Asia/Shanghai] SQL Error: SQLSTATE[23000]: Integrity constraint violation: 1052 Column 'status' in where clause is ambiguous
[17-Nov-2025 06:44:21 Asia/Shanghai] SQL Error: SQLSTATE[23000]: Integrity constraint violation: 1052 Column 'status' in where clause is ambiguous
[17-Nov-2025 06:44:42 Asia/Shanghai] SQL Error: SQLSTATE[23000]: Integrity constraint violation: 1052 Column 'status' in where clause is ambiguous
[17-Nov-2025 07:12:24 Asia/Shanghai] SQL Error: SQLSTATE[23000]: Integrity constraint violation: 1052 Column 'status' in where clause is ambiguous
[17-Nov-2025 07:13:14 Asia/Shanghai] SQL Error: SQLSTATE[23000]: Integrity constraint violation: 1052 Column 'status' in where clause is ambiguous
[17-Nov-2025 07:15:29 Asia/Shanghai] SQL Error: SQLSTATE[23000]: Integrity constraint violation: 1052 Column 'status' in where clause is ambiguous
[17-Nov-2025 07:15:58 Asia/Shanghai] SQL Error: SQLSTATE[23000]: Integrity constraint violation: 1052 Column 'status' in where clause is ambiguous
[17-Nov-2025 07:17:46 Asia/Shanghai] SQL Error: SQLSTATE[42S22]: Column not found: 1054 Unknown column 'invest_amount' in 'field list'
[17-Nov-2025 07:17:58 Asia/Shanghai] SQL Error: SQLSTATE[42S22]: Column not found: 1054 Unknown column 'invest_amount' in 'field list'
[17-Nov-2025 07:17:58 Asia/Shanghai] SQL Error: SQLSTATE[42S22]: Column not found: 1054 Unknown column 'invest_amount' in 'field list'
[17-Nov-2025 07:17:58 Asia/Shanghai] SQL Error: SQLSTATE[42S22]: Column not found: 1054 Unknown column 'invest_amount' in 'field list'
[17-Nov-2025 07:17:58 Asia/Shanghai] SQL Error: SQLSTATE[42S22]: Column not found: 1054 Unknown column 'invest_amount' in 'field list'
[17-Nov-2025 07:17:58 Asia/Shanghai] SQL Error: SQLSTATE[42S22]: Column not found: 1054 Unknown column 'invest_amount' in 'field list'
[17-Nov-2025 07:17:58 Asia/Shanghai] SQL Error: SQLSTATE[42S22]: Column not found: 1054 Unknown column 'invest_amount' in 'field list'
[17-Nov-2025 07:17:58 Asia/Shanghai] SQL Error: SQLSTATE[42S22]: Column not found: 1054 Unknown column 'invest_amount' in 'field list'
[17-Nov-2025 07:17:58 Asia/Shanghai] SQL Error: SQLSTATE[42S22]: Column not found: 1054 Unknown column 'invest_amount' in 'field list'
[17-Nov-2025 07:17:58 Asia/Shanghai] SQL Error: SQLSTATE[42S22]: Column not found: 1054 Unknown column 'invest_amount' in 'field list'
[17-Nov-2025 07:17:58 Asia/Shanghai] SQL Error: SQLSTATE[42S22]: Column not found: 1054 Unknown column 'invest_amount' in 'field list'
[17-Nov-2025 07:17:58 Asia/Shanghai] SQL Error: SQLSTATE[42S22]: Column not found: 1054 Unknown column 'invest_amount' in 'field list'
[17-Nov-2025 07:17:58 Asia/Shanghai] SQL Error: SQLSTATE[42S22]: Column not found: 1054 Unknown column 'invest_amount' in 'field list'
[17-Nov-2025 07:17:58 Asia/Shanghai] SQL Error: SQLSTATE[42S22]: Column not found: 1054 Unknown column 'invest_amount' in 'field list'
[17-Nov-2025 07:17:58 Asia/Shanghai] SQL Error: SQLSTATE[42S22]: Column not found: 1054 Unknown column 'invest_amount' in 'field list'
[17-Nov-2025 07:18:00 Asia/Shanghai] SQL Error: SQLSTATE[42S22]: Column not found: 1054 Unknown column 'invest_amount' in 'field list'
[17-Nov-2025 07:18:28 Asia/Shanghai] SQL Error: SQLSTATE[42S22]: Column not found: 1054 Unknown column 'invest_amount' in 'field list'
[17-Nov-2025 07:18:32 Asia/Shanghai] SQL Error: SQLSTATE[42S22]: Column not found: 1054 Unknown column 'invest_amount' in 'field list'
[17-Nov-2025 07:18:35 Asia/Shanghai] SQL Error: SQLSTATE[42S22]: Column not found: 1054 Unknown column 'invest_amount' in 'field list'
[17-Nov-2025 07:23:14 Asia/Shanghai] SQL Error: SQLSTATE[23000]: Integrity constraint violation: 1052 Column 'status' in where clause is ambiguous
[17-Nov-2025 07:23:22 Asia/Shanghai] SQL Error: SQLSTATE[23000]: Integrity constraint violation: 1052 Column 'status' in where clause is ambiguous
[17-Nov-2025 07:25:53 Asia/Shanghai] SQL Error: SQLSTATE[42S22]: Column not found: 1054 Unknown column 'invest_amount' in 'field list'
[17-Nov-2025 07:25:53 Asia/Shanghai] SQL Error: SQLSTATE[42S22]: Column not found: 1054 Unknown column 'invest_amount' in 'field list'
[17-Nov-2025 07:25:53 Asia/Shanghai] SQL Error: SQLSTATE[42S22]: Column not found: 1054 Unknown column 'invest_amount' in 'field list'
[17-Nov-2025 07:25:53 Asia/Shanghai] SQL Error: SQLSTATE[42S22]: Column not found: 1054 Unknown column 'invest_amount' in 'field list'
[17-Nov-2025 07:25:53 Asia/Shanghai] SQL Error: SQLSTATE[42S22]: Column not found: 1054 Unknown column 'invest_amount' in 'field list'
[17-Nov-2025 07:25:53 Asia/Shanghai] SQL Error: SQLSTATE[42S22]: Column not found: 1054 Unknown column 'invest_amount' in 'field list'
[17-Nov-2025 07:25:53 Asia/Shanghai] SQL Error: SQLSTATE[42S22]: Column not found: 1054 Unknown column 'invest_amount' in 'field list'
[17-Nov-2025 07:25:53 Asia/Shanghai] SQL Error: SQLSTATE[42S22]: Column not found: 1054 Unknown column 'invest_amount' in 'field list'
[17-Nov-2025 07:25:53 Asia/Shanghai] SQL Error: SQLSTATE[42S22]: Column not found: 1054 Unknown column 'invest_amount' in 'field list'
[17-Nov-2025 07:25:53 Asia/Shanghai] SQL Error: SQLSTATE[42S22]: Column not found: 1054 Unknown column 'invest_amount' in 'field list'
[17-Nov-2025 07:25:53 Asia/Shanghai] SQL Error: SQLSTATE[42S22]: Column not found: 1054 Unknown column 'invest_amount' in 'field list'
[17-Nov-2025 07:25:53 Asia/Shanghai] SQL Error: SQLSTATE[42S22]: Column not found: 1054 Unknown column 'invest_amount' in 'field list'
[17-Nov-2025 07:25:53 Asia/Shanghai] SQL Error: SQLSTATE[42S22]: Column not found: 1054 Unknown column 'invest_amount' in 'field list'
[17-Nov-2025 07:25:53 Asia/Shanghai] SQL Error: SQLSTATE[42S22]: Column not found: 1054 Unknown column 'invest_amount' in 'field list'
[17-Nov-2025 07:25:56 Asia/Shanghai] SQL Error: SQLSTATE[42S22]: Column not found: 1054 Unknown column 'invest_amount' in 'field list'
[17-Nov-2025 07:30:11 Asia/Shanghai] SQL Error: SQLSTATE[23000]: Integrity constraint violation: 1052 Column 'status' in where clause is ambiguous
[17-Nov-2025 07:31:30 Asia/Shanghai] SQL Error: SQLSTATE[23000]: Integrity constraint violation: 1052 Column 'status' in where clause is ambiguous
[17-Nov-2025 07:56:45 Asia/Shanghai] SQL Error: SQLSTATE[23000]: Integrity constraint violation: 1052 Column 'status' in where clause is ambiguous
[17-Nov-2025 07:57:07 Asia/Shanghai] SQL Error: SQLSTATE[23000]: Integrity constraint violation: 1052 Column 'status' in where clause is ambiguous
[17-Nov-2025 07:58:09 Asia/Shanghai] SQL Error: SQLSTATE[23000]: Integrity constraint violation: 1052 Column 'status' in where clause is ambiguous
[17-Nov-2025 08:13:18 Asia/Shanghai] SQL Error: SQLSTATE[23000]: Integrity constraint violation: 1052 Column 'status' in where clause is ambiguous
[17-Nov-2025 08:13:41 Asia/Shanghai] SQL Error: SQLSTATE[23000]: Integrity constraint violation: 1052 Column 'status' in where clause is ambiguous
[17-Nov-2025 08:21:53 Asia/Shanghai] SQL Error: SQLSTATE[23000]: Integrity constraint violation: 1052 Column 'status' in where clause is ambiguous
[17-Nov-2025 08:27:51 Asia/Shanghai] SQL Error: SQLSTATE[23000]: Integrity constraint violation: 1052 Column 'status' in where clause is ambiguous
[17-Nov-2025 08:29:17 Asia/Shanghai] SQL Error: SQLSTATE[23000]: Integrity constraint violation: 1052 Column 'status' in where clause is ambiguous
[17-Nov-2025 08:30:09 Asia/Shanghai] SQL Error: SQLSTATE[23000]: Integrity constraint violation: 1052 Column 'status' in where clause is ambiguous
[17-Nov-2025 08:48:17 Asia/Shanghai] SQL Error: SQLSTATE[23000]: Integrity constraint violation: 1052 Column 'status' in where clause is ambiguous
[17-Nov-2025 09:00:13 Asia/Shanghai] PHP Warning:  Undefined array key "REQUEST_METHOD" in /www/wwwroot/copla/providence-admin/config/bootstrap.php on line 76
[17-Nov-2025 09:06:48 Asia/Shanghai] PHP Warning:  Undefined array key "REQUEST_METHOD" in /www/wwwroot/copla/providence-admin/config/bootstrap.php on line 76
[17-Nov-2025 09:10:17 Asia/Shanghai] SQL Error: SQLSTATE[42S22]: Column not found: 1054 Unknown column 'invest_amount' in 'field list'
[17-Nov-2025 09:10:17 Asia/Shanghai] SQL Error: SQLSTATE[42S22]: Column not found: 1054 Unknown column 'invest_amount' in 'field list'
[17-Nov-2025 09:10:17 Asia/Shanghai] SQL Error: SQLSTATE[42S22]: Column not found: 1054 Unknown column 'invest_amount' in 'field list'
[17-Nov-2025 09:10:17 Asia/Shanghai] SQL Error: SQLSTATE[42S22]: Column not found: 1054 Unknown column 'invest_amount' in 'field list'
[17-Nov-2025 09:10:17 Asia/Shanghai] SQL Error: SQLSTATE[42S22]: Column not found: 1054 Unknown column 'invest_amount' in 'field list'
[17-Nov-2025 09:10:17 Asia/Shanghai] SQL Error: SQLSTATE[42S22]: Column not found: 1054 Unknown column 'invest_amount' in 'field list'
[17-Nov-2025 09:10:17 Asia/Shanghai] SQL Error: SQLSTATE[42S22]: Column not found: 1054 Unknown column 'invest_amount' in 'field list'
[17-Nov-2025 09:10:17 Asia/Shanghai] SQL Error: SQLSTATE[42S22]: Column not found: 1054 Unknown column 'invest_amount' in 'field list'
[17-Nov-2025 09:10:17 Asia/Shanghai] SQL Error: SQLSTATE[42S22]: Column not found: 1054 Unknown column 'invest_amount' in 'field list'
[17-Nov-2025 09:10:17 Asia/Shanghai] SQL Error: SQLSTATE[42S22]: Column not found: 1054 Unknown column 'invest_amount' in 'field list'
[17-Nov-2025 09:10:17 Asia/Shanghai] SQL Error: SQLSTATE[42S22]: Column not found: 1054 Unknown column 'invest_amount' in 'field list'
[17-Nov-2025 09:10:17 Asia/Shanghai] SQL Error: SQLSTATE[42S22]: Column not found: 1054 Unknown column 'invest_amount' in 'field list'
[17-Nov-2025 09:10:17 Asia/Shanghai] SQL Error: SQLSTATE[42S22]: Column not found: 1054 Unknown column 'invest_amount' in 'field list'
[17-Nov-2025 09:10:17 Asia/Shanghai] SQL Error: SQLSTATE[42S22]: Column not found: 1054 Unknown column 'invest_amount' in 'field list'
[17-Nov-2025 09:10:30 Asia/Shanghai] SQL Error: SQLSTATE[42S02]: Base table or view not found: 1146 Table 'providence.login_logs' doesn't exist
[17-Nov-2025 09:10:31 Asia/Shanghai] SQL Error: SQLSTATE[42S22]: Column not found: 1054 Unknown column 'm.introduction' in 'field list'
[17-Nov-2025 09:10:39 Asia/Shanghai] SQL Error: SQLSTATE[42S22]: Column not found: 1054 Unknown column 'm.introduction' in 'field list'
[17-Nov-2025 09:11:33 Asia/Shanghai] SQL Error: SQLSTATE[42S02]: Base table or view not found: 1146 Table 'providence.login_logs' doesn't exist
[17-Nov-2025 09:11:42 Asia/Shanghai] SQL Error: SQLSTATE[42S02]: Base table or view not found: 1146 Table 'providence.login_logs' doesn't exist
[17-Nov-2025 09:14:54 Asia/Shanghai] SQL Error: SQLSTATE[42S02]: Base table or view not found: 1146 Table 'providence.login_logs' doesn't exist
[17-Nov-2025 09:21:13 Asia/Shanghai] SQL Error: SQLSTATE[42S02]: Base table or view not found: 1146 Table 'providence.login_logs' doesn't exist
[17-Nov-2025 09:23:57 Asia/Shanghai] SQL Error: SQLSTATE[42S22]: Column not found: 1054 Unknown column 'realname' in 'field list'
[17-Nov-2025 09:24:56 Asia/Shanghai] SQL Error: SQLSTATE[42S22]: Column not found: 1054 Unknown column 'realname' in 'field list'
[17-Nov-2025 09:33:27 Asia/Shanghai] SQL Error: SQLSTATE[42S22]: Column not found: 1054 Unknown column 'realname' in 'field list'
[17-Nov-2025 09:33:32 Asia/Shanghai] SQL Error: SQLSTATE[42S22]: Column not found: 1054 Unknown column 'realname' in 'field list'
[17-Nov-2025 09:33:45 Asia/Shanghai] SQL Error: SQLSTATE[42S22]: Column not found: 1054 Unknown column 'realname' in 'field list'
[17-Nov-2025 09:33:53 Asia/Shanghai] SQL Error: SQLSTATE[42S22]: Column not found: 1054 Unknown column 'realname' in 'field list'
[17-Nov-2025 09:34:53 Asia/Shanghai] SQL Error: SQLSTATE[42S22]: Column not found: 1054 Unknown column 'realname' in 'field list'
[17-Nov-2025 09:35:05 Asia/Shanghai] SQL Error: SQLSTATE[42S22]: Column not found: 1054 Unknown column 'realname' in 'field list'
[17-Nov-2025 09:35:13 Asia/Shanghai] SQL Error: SQLSTATE[42S22]: Column not found: 1054 Unknown column 'realname' in 'field list'
[17-Nov-2025 09:36:12 Asia/Shanghai] SQL Error: SQLSTATE[42S22]: Column not found: 1054 Unknown column 'realname' in 'field list'
[17-Nov-2025 09:37:55 Asia/Shanghai] SQL Error: SQLSTATE[42S22]: Column not found: 1054 Unknown column 'realname' in 'field list'
[17-Nov-2025 09:41:46 Asia/Shanghai] SQL Error: SQLSTATE[42S22]: Column not found: 1054 Unknown column 'realname' in 'field list'
[17-Nov-2025 09:42:07 Asia/Shanghai] SQL Error: SQLSTATE[42S22]: Column not found: 1054 Unknown column 'realname' in 'field list'
[17-Nov-2025 09:44:00 Asia/Shanghai] SQL Error: SQLSTATE[42S02]: Base table or view not found: 1146 Table 'providence.login_logs' doesn't exist
[17-Nov-2025 09:44:08 Asia/Shanghai] SQL Error: SQLSTATE[42S22]: Column not found: 1054 Unknown column 'realname' in 'field list'
[17-Nov-2025 09:44:26 Asia/Shanghai] SQL Error: SQLSTATE[42S22]: Column not found: 1054 Unknown column 'realname' in 'field list'
[17-Nov-2025 09:48:59 Asia/Shanghai] SQL Error: SQLSTATE[42S22]: Column not found: 1054 Unknown column 'realname' in 'field list'
[17-Nov-2025 09:49:48 Asia/Shanghai] SQL Error: SQLSTATE[42S22]: Column not found: 1054 Unknown column 'realname' in 'field list'
[17-Nov-2025 09:49:57 Asia/Shanghai] SQL Error: SQLSTATE[42S22]: Column not found: 1054 Unknown column 'realname' in 'field list'
[17-Nov-2025 09:50:21 Asia/Shanghai] SQL Error: SQLSTATE[42S02]: Base table or view not found: 1146 Table 'providence.login_logs' doesn't exist
[17-Nov-2025 09:50:27 Asia/Shanghai] SQL Error: SQLSTATE[42S22]: Column not found: 1054 Unknown column 'realname' in 'field list'
[17-Nov-2025 09:50:29 Asia/Shanghai] SQL Error: SQLSTATE[42S22]: Column not found: 1054 Unknown column 'realname' in 'field list'
[17-Nov-2025 09:52:13 Asia/Shanghai] SQL Error: SQLSTATE[42S02]: Base table or view not found: 1146 Table 'providence.login_logs' doesn't exist
[17-Nov-2025 09:52:27 Asia/Shanghai] SQL Error: SQLSTATE[42S22]: Column not found: 1054 Unknown column 'realname' in 'field list'
[17-Nov-2025 09:52:28 Asia/Shanghai] SQL Error: SQLSTATE[42S22]: Column not found: 1054 Unknown column 'realname' in 'field list'
[17-Nov-2025 09:52:43 Asia/Shanghai] SQL Error: SQLSTATE[42S22]: Column not found: 1054 Unknown column 'realname' in 'field list'
[17-Nov-2025 09:52:57 Asia/Shanghai] SQL Error: SQLSTATE[42S22]: Column not found: 1054 Unknown column 'realname' in 'field list'
[17-Nov-2025 09:53:05 Asia/Shanghai] SQL Error: SQLSTATE[42S02]: Base table or view not found: 1146 Table 'providence.login_logs' doesn't exist
[17-Nov-2025 09:53:20 Asia/Shanghai] SQL Error: SQLSTATE[42S22]: Column not found: 1054 Unknown column 'realname' in 'field list'
[17-Nov-2025 09:53:23 Asia/Shanghai] SQL Error: SQLSTATE[42S22]: Column not found: 1054 Unknown column 'realname' in 'field list'
[17-Nov-2025 09:53:28 Asia/Shanghai] SQL Error: SQLSTATE[42S22]: Column not found: 1054 Unknown column 'realname' in 'field list'
[17-Nov-2025 09:53:31 Asia/Shanghai] SQL Error: SQLSTATE[42S02]: Base table or view not found: 1146 Table 'providence.login_logs' doesn't exist
[17-Nov-2025 09:53:37 Asia/Shanghai] SQL Error: SQLSTATE[42S22]: Column not found: 1054 Unknown column 'realname' in 'field list'
[17-Nov-2025 10:08:31 Asia/Shanghai] SQL Error: SQLSTATE[42S22]: Column not found: 1054 Unknown column 'realname' in 'field list'
[17-Nov-2025 10:13:00 Asia/Shanghai] SQL Error: SQLSTATE[42S22]: Column not found: 1054 Unknown column 'realname' in 'field list'
[17-Nov-2025 10:13:10 Asia/Shanghai] SQL Error: SQLSTATE[42S22]: Column not found: 1054 Unknown column 'realname' in 'field list'
[17-Nov-2025 10:13:20 Asia/Shanghai] SQL Error: SQLSTATE[42S22]: Column not found: 1054 Unknown column 'realname' in 'field list'
[17-Nov-2025 10:13:57 Asia/Shanghai] SQL Error: SQLSTATE[42S22]: Column not found: 1054 Unknown column 'realname' in 'field list'
[17-Nov-2025 10:14:02 Asia/Shanghai] SQL Error: SQLSTATE[42S22]: Column not found: 1054 Unknown column 'realname' in 'field list'
[17-Nov-2025 10:15:12 Asia/Shanghai] SQL Error: SQLSTATE[42S22]: Column not found: 1054 Unknown column 'realname' in 'field list'
[17-Nov-2025 10:15:53 Asia/Shanghai] SQL Error: SQLSTATE[42S22]: Column not found: 1054 Unknown column 'realname' in 'field list'
[17-Nov-2025 10:16:04 Asia/Shanghai] SQL Error: SQLSTATE[42S22]: Column not found: 1054 Unknown column 'realname' in 'field list'
[17-Nov-2025 10:16:15 Asia/Shanghai] SQL Error: SQLSTATE[42S22]: Column not found: 1054 Unknown column 'realname' in 'field list'
[17-Nov-2025 10:17:53 Asia/Shanghai] SQL Error: SQLSTATE[42S22]: Column not found: 1054 Unknown column 'realname' in 'field list'
[17-Nov-2025 10:18:32 Asia/Shanghai] SQL Error: SQLSTATE[42S22]: Column not found: 1054 Unknown column 'realname' in 'field list'
[17-Nov-2025 10:19:01 Asia/Shanghai] SQL Error: SQLSTATE[42S22]: Column not found: 1054 Unknown column 'realname' in 'field list'
[17-Nov-2025 10:19:08 Asia/Shanghai] SQL Error: SQLSTATE[42S22]: Column not found: 1054 Unknown column 'realname' in 'field list'
[17-Nov-2025 10:19:20 Asia/Shanghai] SQL Error: SQLSTATE[42S22]: Column not found: 1054 Unknown column 'realname' in 'field list'
[17-Nov-2025 10:19:31 Asia/Shanghai] SQL Error: SQLSTATE[42S22]: Column not found: 1054 Unknown column 'realname' in 'field list'
[17-Nov-2025 10:20:22 Asia/Shanghai] SQL Error: SQLSTATE[42S02]: Base table or view not found: 1146 Table 'providence.login_logs' doesn't exist
[17-Nov-2025 10:20:32 Asia/Shanghai] SQL Error: SQLSTATE[42S22]: Column not found: 1054 Unknown column 'realname' in 'field list'
[17-Nov-2025 10:20:45 Asia/Shanghai] SQL Error: SQLSTATE[42S22]: Column not found: 1054 Unknown column 'realname' in 'field list'
[17-Nov-2025 10:21:08 Asia/Shanghai] SQL Error: SQLSTATE[42S22]: Column not found: 1054 Unknown column 'realname' in 'field list'
[17-Nov-2025 10:21:20 Asia/Shanghai] SQL Error: SQLSTATE[42S22]: Column not found: 1054 Unknown column 'realname' in 'field list'
[17-Nov-2025 10:22:13 Asia/Shanghai] SQL Error: SQLSTATE[42S22]: Column not found: 1054 Unknown column 'realname' in 'field list'
[17-Nov-2025 10:22:51 Asia/Shanghai] SQL Error: SQLSTATE[42S22]: Column not found: 1054 Unknown column 'realname' in 'field list'
[17-Nov-2025 10:23:34 Asia/Shanghai] SQL Error: SQLSTATE[42S22]: Column not found: 1054 Unknown column 'realname' in 'field list'
[17-Nov-2025 10:23:41 Asia/Shanghai] SQL Error: SQLSTATE[42S22]: Column not found: 1054 Unknown column 'realname' in 'field list'
[17-Nov-2025 10:24:41 Asia/Shanghai] SQL Error: SQLSTATE[42S22]: Column not found: 1054 Unknown column 'realname' in 'field list'
[17-Nov-2025 10:25:24 Asia/Shanghai] SQL Error: SQLSTATE[42S22]: Column not found: 1054 Unknown column 'realname' in 'field list'
[17-Nov-2025 10:25:31 Asia/Shanghai] SQL Error: SQLSTATE[42S22]: Column not found: 1054 Unknown column 'realname' in 'field list'
[17-Nov-2025 10:26:25 Asia/Shanghai] SQL Error: SQLSTATE[42S22]: Column not found: 1054 Unknown column 'realname' in 'field list'
[17-Nov-2025 10:26:38 Asia/Shanghai] SQL Error: SQLSTATE[42S22]: Column not found: 1054 Unknown column 'realname' in 'field list'
[17-Nov-2025 10:26:55 Asia/Shanghai] SQL Error: SQLSTATE[42S22]: Column not found: 1054 Unknown column 'realname' in 'field list'
[17-Nov-2025 10:27:05 Asia/Shanghai] SQL Error: SQLSTATE[42S22]: Column not found: 1054 Unknown column 'realname' in 'field list'
[17-Nov-2025 10:27:52 Asia/Shanghai] SQL Error: SQLSTATE[42S22]: Column not found: 1054 Unknown column 'realname' in 'field list'
[17-Nov-2025 10:28:02 Asia/Shanghai] SQL Error: SQLSTATE[42S22]: Column not found: 1054 Unknown column 'realname' in 'field list'
[17-Nov-2025 10:28:16 Asia/Shanghai] SQL Error: SQLSTATE[42S22]: Column not found: 1054 Unknown column 'realname' in 'field list'
[17-Nov-2025 10:28:53 Asia/Shanghai] SQL Error: SQLSTATE[42S02]: Base table or view not found: 1146 Table 'providence.login_logs' doesn't exist
[17-Nov-2025 10:28:58 Asia/Shanghai] SQL Error: SQLSTATE[42S22]: Column not found: 1054 Unknown column 'realname' in 'field list'
[17-Nov-2025 10:29:20 Asia/Shanghai] SQL Error: SQLSTATE[42S22]: Column not found: 1054 Unknown column 'realname' in 'field list'
[17-Nov-2025 10:29:31 Asia/Shanghai] SQL Error: SQLSTATE[42S22]: Column not found: 1054 Unknown column 'realname' in 'field list'
[17-Nov-2025 10:29:44 Asia/Shanghai] SQL Error: SQLSTATE[42S22]: Column not found: 1054 Unknown column 'realname' in 'field list'
[17-Nov-2025 10:29:55 Asia/Shanghai] SQL Error: SQLSTATE[42S22]: Column not found: 1054 Unknown column 'realname' in 'field list'
[17-Nov-2025 10:30:20 Asia/Shanghai] SQL Error: SQLSTATE[42S22]: Column not found: 1054 Unknown column 'realname' in 'field list'
[17-Nov-2025 10:30:47 Asia/Shanghai] SQL Error: SQLSTATE[42S22]: Column not found: 1054 Unknown column 'realname' in 'field list'
[17-Nov-2025 10:31:05 Asia/Shanghai] SQL Error: SQLSTATE[42S22]: Column not found: 1054 Unknown column 'realname' in 'field list'
[17-Nov-2025 10:31:11 Asia/Shanghai] SQL Error: SQLSTATE[42S22]: Column not found: 1054 Unknown column 'realname' in 'field list'
[17-Nov-2025 10:31:30 Asia/Shanghai] SQL Error: SQLSTATE[42S22]: Column not found: 1054 Unknown column 'realname' in 'field list'
[17-Nov-2025 10:31:37 Asia/Shanghai] SQL Error: SQLSTATE[42S22]: Column not found: 1054 Unknown column 'realname' in 'field list'
[17-Nov-2025 10:33:23 Asia/Shanghai] SQL Error: SQLSTATE[42S22]: Column not found: 1054 Unknown column 'realname' in 'field list'
[17-Nov-2025 10:36:54 Asia/Shanghai] SQL Error: SQLSTATE[42S22]: Column not found: 1054 Unknown column 'realname' in 'field list'
[17-Nov-2025 10:37:09 Asia/Shanghai] SQL Error: SQLSTATE[42S22]: Column not found: 1054 Unknown column 'realname' in 'field list'
[17-Nov-2025 10:38:41 Asia/Shanghai] SQL Error: SQLSTATE[42S22]: Column not found: 1054 Unknown column 'realname' in 'field list'
[17-Nov-2025 10:39:38 Asia/Shanghai] SQL Error: SQLSTATE[42S22]: Column not found: 1054 Unknown column 'realname' in 'field list'
[17-Nov-2025 10:40:48 Asia/Shanghai] SQL Error: SQLSTATE[42S22]: Column not found: 1054 Unknown column 'realname' in 'field list'
[17-Nov-2025 10:41:25 Asia/Shanghai] SQL Error: SQLSTATE[42S22]: Column not found: 1054 Unknown column 'realname' in 'field list'
[17-Nov-2025 10:41:39 Asia/Shanghai] SQL Error: SQLSTATE[42S22]: Column not found: 1054 Unknown column 'realname' in 'field list'
[17-Nov-2025 10:42:46 Asia/Shanghai] SQL Error: SQLSTATE[42S22]: Column not found: 1054 Unknown column 'realname' in 'field list'
[17-Nov-2025 10:43:09 Asia/Shanghai] SQL Error: SQLSTATE[42S22]: Column not found: 1054 Unknown column 'realname' in 'field list'
[17-Nov-2025 10:43:58 Asia/Shanghai] SQL Error: SQLSTATE[42S22]: Column not found: 1054 Unknown column 'realname' in 'field list'
[17-Nov-2025 10:44:08 Asia/Shanghai] SQL Error: SQLSTATE[42S22]: Column not found: 1054 Unknown column 'realname' in 'field list'
[17-Nov-2025 10:44:19 Asia/Shanghai] SQL Error: SQLSTATE[42S22]: Column not found: 1054 Unknown column 'realname' in 'field list'
[17-Nov-2025 10:46:25 Asia/Shanghai] SQL Error: SQLSTATE[42S22]: Column not found: 1054 Unknown column 'realname' in 'field list'
[17-Nov-2025 10:47:16 Asia/Shanghai] PHP Warning:  Undefined array key "REQUEST_METHOD" in /www/wwwroot/copla/providence-admin/config/bootstrap.php on line 76
[17-Nov-2025 10:47:44 Asia/Shanghai] SQL Error: SQLSTATE[42S22]: Column not found: 1054 Unknown column 'realname' in 'field list'
[17-Nov-2025 10:48:32 Asia/Shanghai] SQL Error: SQLSTATE[42S02]: Base table or view not found: 1146 Table 'providence.login_logs' doesn't exist
[17-Nov-2025 10:49:00 Asia/Shanghai] SQL Error: SQLSTATE[42S22]: Column not found: 1054 Unknown column 'realname' in 'field list'
[17-Nov-2025 10:49:11 Asia/Shanghai] SQL Error: SQLSTATE[42S22]: Column not found: 1054 Unknown column 'realname' in 'field list'
[17-Nov-2025 10:49:53 Asia/Shanghai] SQL Error: SQLSTATE[42S22]: Column not found: 1054 Unknown column 'realname' in 'field list'
[17-Nov-2025 10:49:57 Asia/Shanghai] SQL Error: SQLSTATE[42S22]: Column not found: 1054 Unknown column 'realname' in 'field list'
[17-Nov-2025 10:50:58 Asia/Shanghai] SQL Error: SQLSTATE[42S22]: Column not found: 1054 Unknown column 'realname' in 'field list'
[17-Nov-2025 10:52:11 Asia/Shanghai] SQL Error: SQLSTATE[42S22]: Column not found: 1054 Unknown column 'realname' in 'field list'
[17-Nov-2025 10:52:22 Asia/Shanghai] SQL Error: SQLSTATE[42S22]: Column not found: 1054 Unknown column 'realname' in 'field list'
[17-Nov-2025 10:54:18 Asia/Shanghai] SQL Error: SQLSTATE[42S22]: Column not found: 1054 Unknown column 'realname' in 'field list'
[17-Nov-2025 10:55:11 Asia/Shanghai] SQL Error: SQLSTATE[42S22]: Column not found: 1054 Unknown column 'realname' in 'field list'
[17-Nov-2025 10:55:51 Asia/Shanghai] SQL Error: SQLSTATE[42S22]: Column not found: 1054 Unknown column 'realname' in 'field list'
[17-Nov-2025 10:55:58 Asia/Shanghai] PHP Warning:  Undefined array key "REQUEST_METHOD" in /www/wwwroot/copla/providence-admin/config/bootstrap.php on line 76
[17-Nov-2025 10:56:00 Asia/Shanghai] SQL Error: SQLSTATE[42S22]: Column not found: 1054 Unknown column 'realname' in 'field list'
[17-Nov-2025 10:57:18 Asia/Shanghai] SQL Error: SQLSTATE[42S22]: Column not found: 1054 Unknown column 'realname' in 'field list'
[17-Nov-2025 10:58:28 Asia/Shanghai] SQL Error: SQLSTATE[42S22]: Column not found: 1054 Unknown column 'realname' in 'field list'
[17-Nov-2025 10:58:58 Asia/Shanghai] PHP Warning:  Undefined array key "REQUEST_METHOD" in /www/wwwroot/copla/providence-admin/config/bootstrap.php on line 76
[17-Nov-2025 10:59:33 Asia/Shanghai] SQL Error: SQLSTATE[42S22]: Column not found: 1054 Unknown column 'realname' in 'field list'
[17-Nov-2025 11:01:19 Asia/Shanghai] SQL Error: SQLSTATE[42S22]: Column not found: 1054 Unknown column 'realname' in 'field list'
[17-Nov-2025 11:01:55 Asia/Shanghai] SQL Error: SQLSTATE[42S22]: Column not found: 1054 Unknown column 'realname' in 'field list'
[17-Nov-2025 11:03:19 Asia/Shanghai] PHP Warning:  Undefined array key "REQUEST_METHOD" in /www/wwwroot/copla/providence-admin/config/bootstrap.php on line 76
[17-Nov-2025 11:03:51 Asia/Shanghai] PHP Warning:  Undefined array key "REQUEST_METHOD" in /www/wwwroot/copla/providence-admin/config/bootstrap.php on line 76
[17-Nov-2025 11:03:56 Asia/Shanghai] PHP Warning:  Undefined array key "REQUEST_METHOD" in /www/wwwroot/copla/providence-admin/config/bootstrap.php on line 76
[17-Nov-2025 11:04:07 Asia/Shanghai] SQL Error: SQLSTATE[42S22]: Column not found: 1054 Unknown column 'realname' in 'field list'
[17-Nov-2025 11:05:50 Asia/Shanghai] SQL Error: SQLSTATE[42S22]: Column not found: 1054 Unknown column 'realname' in 'field list'
[17-Nov-2025 11:10:07 Asia/Shanghai] SQL Error: SQLSTATE[42S02]: Base table or view not found: 1146 Table 'providence.login_logs' doesn't exist
[17-Nov-2025 11:10:18 Asia/Shanghai] SQL Error: SQLSTATE[42S22]: Column not found: 1054 Unknown column 'realname' in 'field list'
[17-Nov-2025 11:10:25 Asia/Shanghai] SQL Error: SQLSTATE[42S22]: Column not found: 1054 Unknown column 'realname' in 'field list'
[17-Nov-2025 11:10:31 Asia/Shanghai] SQL Error: SQLSTATE[42S22]: Column not found: 1054 Unknown column 'realname' in 'field list'
[17-Nov-2025 11:15:04 Asia/Shanghai] SQL Error: SQLSTATE[42S02]: Base table or view not found: 1146 Table 'providence.login_logs' doesn't exist
[17-Nov-2025 11:15:08 Asia/Shanghai] SQL Error: SQLSTATE[42S22]: Column not found: 1054 Unknown column 'realname' in 'field list'
[17-Nov-2025 11:15:13 Asia/Shanghai] SQL Error: SQLSTATE[42S22]: Column not found: 1054 Unknown column 'realname' in 'field list'
[17-Nov-2025 11:16:51 Asia/Shanghai] SQL Error: SQLSTATE[42S22]: Column not found: 1054 Unknown column 'realname' in 'field list'
[17-Nov-2025 11:17:04 Asia/Shanghai] PHP Warning:  Undefined array key "REQUEST_METHOD" in /www/wwwroot/copla/providence-admin/config/bootstrap.php on line 76
[17-Nov-2025 11:17:49 Asia/Shanghai] SQL Error: SQLSTATE[42S22]: Column not found: 1054 Unknown column 'realname' in 'field list'
[17-Nov-2025 11:18:06 Asia/Shanghai] PHP Warning:  Undefined array key "REQUEST_METHOD" in /www/wwwroot/copla/providence-admin/config/bootstrap.php on line 76
[17-Nov-2025 11:18:06 Asia/Shanghai] SQL Error: SQLSTATE[42S22]: Column not found: 1054 Unknown column 'question' in 'field list'
[17-Nov-2025 11:18:06 Asia/Shanghai] SQL Error: SQLSTATE[42S22]: Column not found: 1054 Unknown column 'question' in 'field list'
[17-Nov-2025 11:18:06 Asia/Shanghai] SQL Error: SQLSTATE[42S22]: Column not found: 1054 Unknown column 'question' in 'field list'
[17-Nov-2025 11:18:10 Asia/Shanghai] PHP Warning:  Undefined array key "REQUEST_METHOD" in /www/wwwroot/copla/providence-admin/config/bootstrap.php on line 76
[17-Nov-2025 11:18:10 Asia/Shanghai] SQL Error: SQLSTATE[42S22]: Column not found: 1054 Unknown column 'question' in 'field list'
[17-Nov-2025 11:18:10 Asia/Shanghai] SQL Error: SQLSTATE[42S22]: Column not found: 1054 Unknown column 'question' in 'field list'
[17-Nov-2025 11:18:10 Asia/Shanghai] SQL Error: SQLSTATE[42S22]: Column not found: 1054 Unknown column 'question' in 'field list'
[17-Nov-2025 11:18:50 Asia/Shanghai] SQL Error: SQLSTATE[42S22]: Column not found: 1054 Unknown column 'realname' in 'field list'
[17-Nov-2025 11:18:54 Asia/Shanghai] SQL Error: SQLSTATE[42S22]: Column not found: 1054 Unknown column 'realname' in 'field list'
[17-Nov-2025 11:19:06 Asia/Shanghai] SQL Error: SQLSTATE[42S02]: Base table or view not found: 1146 Table 'providence.login_logs' doesn't exist
[17-Nov-2025 11:19:12 Asia/Shanghai] SQL Error: SQLSTATE[42S22]: Column not found: 1054 Unknown column 'realname' in 'field list'
[17-Nov-2025 11:19:35 Asia/Shanghai] SQL Error: SQLSTATE[42S02]: Base table or view not found: 1146 Table 'providence.login_logs' doesn't exist
[17-Nov-2025 11:19:47 Asia/Shanghai] SQL Error: SQLSTATE[42S22]: Column not found: 1054 Unknown column 'realname' in 'field list'
[17-Nov-2025 11:22:06 Asia/Shanghai] [AI Chat] Token验证成功，用户ID: 1, Token长度: 194
[17-Nov-2025 11:22:06 Asia/Shanghai] SQL Error: SQLSTATE[42S22]: Column not found: 1054 Unknown column 'realname' in 'field list'
[17-Nov-2025 11:23:07 Asia/Shanghai] SQL Error: SQLSTATE[42S02]: Base table or view not found: 1146 Table 'providence.login_logs' doesn't exist
[17-Nov-2025 11:23:20 Asia/Shanghai] SQL Error: SQLSTATE[42S22]: Column not found: 1054 Unknown column 'realname' in 'field list'
[17-Nov-2025 11:28:16 Asia/Shanghai] [AI Chat] Token验证成功，用户ID: 1, Token长度: 194
[17-Nov-2025 11:28:16 Asia/Shanghai] PHP Fatal error:  Uncaught Error: Call to private method AIService::saveMessage() from global scope in /www/wwwroot/copla/providence-admin/api/ai/chat.php:99
Stack trace:
#0 {main}
  thrown in /www/wwwroot/copla/providence-admin/api/ai/chat.php on line 99
[17-Nov-2025 11:28:16 Asia/Shanghai] SQL Error: SQLSTATE[42S22]: Column not found: 1054 Unknown column 'realname' in 'field list'
[17-Nov-2025 11:28:25 Asia/Shanghai] SQL Error: SQLSTATE[42S02]: Base table or view not found: 1146 Table 'providence.login_logs' doesn't exist
[17-Nov-2025 11:28:31 Asia/Shanghai] [AI Chat] Token验证成功，用户ID: 1, Token长度: 194
[17-Nov-2025 11:28:31 Asia/Shanghai] PHP Fatal error:  Uncaught Error: Call to private method AIService::saveMessage() from global scope in /www/wwwroot/copla/providence-admin/api/ai/chat.php:99
Stack trace:
#0 {main}
  thrown in /www/wwwroot/copla/providence-admin/api/ai/chat.php on line 99
[17-Nov-2025 11:28:32 Asia/Shanghai] SQL Error: SQLSTATE[42S22]: Column not found: 1054 Unknown column 'realname' in 'field list'
[17-Nov-2025 11:28:43 Asia/Shanghai] [AI Chat] Token验证成功，用户ID: 1, Token长度: 194
[17-Nov-2025 11:28:43 Asia/Shanghai] PHP Fatal error:  Uncaught Error: Call to private method AIService::saveMessage() from global scope in /www/wwwroot/copla/providence-admin/api/ai/chat.php:99
Stack trace:
#0 {main}
  thrown in /www/wwwroot/copla/providence-admin/api/ai/chat.php on line 99
[17-Nov-2025 11:28:43 Asia/Shanghai] SQL Error: SQLSTATE[42S22]: Column not found: 1054 Unknown column 'realname' in 'field list'
[17-Nov-2025 11:29:08 Asia/Shanghai] PHP Warning:  Undefined array key "REQUEST_METHOD" in /www/wwwroot/copla/providence-admin/config/bootstrap.php on line 76
[17-Nov-2025 11:29:21 Asia/Shanghai] PHP Warning:  Undefined array key "REQUEST_METHOD" in /www/wwwroot/copla/providence-admin/config/bootstrap.php on line 76
[17-Nov-2025 11:29:31 Asia/Shanghai] PHP Warning:  Undefined array key "REQUEST_METHOD" in /www/wwwroot/copla/providence-admin/config/bootstrap.php on line 76
[17-Nov-2025 11:30:31 Asia/Shanghai] [AI Chat] Token验证成功，用户ID: 1, Token长度: 194
[17-Nov-2025 11:30:31 Asia/Shanghai] [AI Chat] Fatal Error: Call to private method AIService::saveMessage() from global scope
[17-Nov-2025 11:30:31 Asia/Shanghai] [AI Chat] Trace: #0 {main}
[17-Nov-2025 11:30:31 Asia/Shanghai] SQL Error: SQLSTATE[42S22]: Column not found: 1054 Unknown column 'realname' in 'field list'
[17-Nov-2025 11:31:17 Asia/Shanghai] [AI Chat] Token验证成功，用户ID: 1, Token长度: 194
[17-Nov-2025 11:31:17 Asia/Shanghai] SQL Error: SQLSTATE[42S22]: Column not found: 1054 Unknown column 'realname' in 'field list'
[17-Nov-2025 11:31:26 Asia/Shanghai] SQL Error: SQLSTATE[42S02]: Base table or view not found: 1146 Table 'providence.login_logs' doesn't exist
[17-Nov-2025 11:31:34 Asia/Shanghai] SQL Error: SQLSTATE[42S22]: Column not found: 1054 Unknown column 'realname' in 'field list'
[17-Nov-2025 11:34:07 Asia/Shanghai] SQL Error: SQLSTATE[42S22]: Column not found: 1054 Unknown column 'realname' in 'field list'
[17-Nov-2025 11:34:12 Asia/Shanghai] SQL Error: SQLSTATE[42S22]: Column not found: 1054 Unknown column 'realname' in 'field list'
[17-Nov-2025 11:34:29 Asia/Shanghai] SQL Error: SQLSTATE[42S02]: Base table or view not found: 1146 Table 'providence.login_logs' doesn't exist
[17-Nov-2025 11:34:33 Asia/Shanghai] SQL Error: SQLSTATE[42S22]: Column not found: 1054 Unknown column 'realname' in 'field list'
[17-Nov-2025 11:36:57 Asia/Shanghai] PHP Warning:  Undefined array key "REQUEST_METHOD" in /www/wwwroot/copla/providence-admin/config/bootstrap.php on line 76
[17-Nov-2025 11:36:58 Asia/Shanghai] SQL Error: SQLSTATE[42S22]: Column not found: 1054 Unknown column 'kyc_status' in 'users'
[17-Nov-2025 11:40:15 Asia/Shanghai] SQL Error: SQLSTATE[42S02]: Base table or view not found: 1146 Table 'providence.login_logs' doesn't exist
[17-Nov-2025 11:45:29 Asia/Shanghai] SQL Error: SQLSTATE[42S02]: Base table or view not found: 1146 Table 'providence.login_logs' doesn't exist
[17-Nov-2025 11:49:03 Asia/Shanghai] SQL Error: SQLSTATE[42S02]: Base table or view not found: 1146 Table 'providence.login_logs' doesn't exist
[17-Nov-2025 11:49:09 Asia/Shanghai] SQL Error: SQLSTATE[42S22]: Column not found: 1054 Unknown column 'realname' in 'field list'
[17-Nov-2025 11:49:42 Asia/Shanghai] SQL Error: SQLSTATE[42S22]: Column not found: 1054 Unknown column 'realname' in 'field list'
[17-Nov-2025 11:50:17 Asia/Shanghai] SQL Error: SQLSTATE[42S22]: Column not found: 1054 Unknown column 'realname' in 'field list'
[17-Nov-2025 11:50:45 Asia/Shanghai] SQL Error: SQLSTATE[42S22]: Column not found: 1054 Unknown column 'realname' in 'field list'
[17-Nov-2025 11:51:36 Asia/Shanghai] SQL Error: SQLSTATE[42S22]: Column not found: 1054 Unknown column 'realname' in 'field list'
[17-Nov-2025 11:52:27 Asia/Shanghai] SQL Error: SQLSTATE[42S02]: Base table or view not found: 1146 Table 'providence.login_logs' doesn't exist
[17-Nov-2025 11:52:39 Asia/Shanghai] SQL Error: SQLSTATE[42S02]: Base table or view not found: 1146 Table 'providence.login_logs' doesn't exist
[17-Nov-2025 11:52:44 Asia/Shanghai] SQL Error: SQLSTATE[42S22]: Column not found: 1054 Unknown column 'realname' in 'field list'
[17-Nov-2025 11:52:53 Asia/Shanghai] SQL Error: SQLSTATE[42S22]: Column not found: 1054 Unknown column 'realname' in 'field list'
[17-Nov-2025 11:53:00 Asia/Shanghai] SQL Error: SQLSTATE[42S22]: Column not found: 1054 Unknown column 'realname' in 'field list'
[17-Nov-2025 11:53:14 Asia/Shanghai] SQL Error: SQLSTATE[42S22]: Column not found: 1054 Unknown column 'realname' in 'field list'
[17-Nov-2025 11:53:38 Asia/Shanghai] SQL Error: SQLSTATE[42S22]: Column not found: 1054 Unknown column 'realname' in 'field list'
[17-Nov-2025 11:53:44 Asia/Shanghai] SQL Error: SQLSTATE[42S22]: Column not found: 1054 Unknown column 'realname' in 'field list'
[17-Nov-2025 11:53:48 Asia/Shanghai] SQL Error: SQLSTATE[42S22]: Column not found: 1054 Unknown column 'realname' in 'field list'
[17-Nov-2025 11:53:58 Asia/Shanghai] SQL Error: SQLSTATE[42S02]: Base table or view not found: 1146 Table 'providence.login_logs' doesn't exist
[17-Nov-2025 11:54:33 Asia/Shanghai] SQL Error: SQLSTATE[42S02]: Base table or view not found: 1146 Table 'providence.login_logs' doesn't exist
[17-Nov-2025 11:54:42 Asia/Shanghai] SQL Error: SQLSTATE[42S22]: Column not found: 1054 Unknown column 'realname' in 'field list'
[17-Nov-2025 11:55:11 Asia/Shanghai] SQL Error: SQLSTATE[42S22]: Column not found: 1054 Unknown column 'realname' in 'field list'
[17-Nov-2025 11:56:03 Asia/Shanghai] SQL Error: SQLSTATE[42S02]: Base table or view not found: 1146 Table 'providence.login_logs' doesn't exist
[17-Nov-2025 11:56:28 Asia/Shanghai] PHP Warning:  Undefined array key "REQUEST_METHOD" in /www/wwwroot/copla/providence-admin/config/bootstrap.php on line 76
[17-Nov-2025 11:56:32 Asia/Shanghai] PHP Warning:  Undefined array key "REQUEST_METHOD" in /www/wwwroot/copla/providence-admin/config/bootstrap.php on line 76
[17-Nov-2025 11:56:51 Asia/Shanghai] PHP Warning:  Undefined array key "REQUEST_METHOD" in /www/wwwroot/copla/providence-admin/config/bootstrap.php on line 76
[17-Nov-2025 11:56:53 Asia/Shanghai] PHP Warning:  Undefined array key "REQUEST_METHOD" in /www/wwwroot/copla/providence-admin/config/bootstrap.php on line 76
[17-Nov-2025 11:56:57 Asia/Shanghai] PHP Warning:  Undefined array key "REQUEST_METHOD" in /www/wwwroot/copla/providence-admin/config/bootstrap.php on line 76
[17-Nov-2025 11:56:57 Asia/Shanghai] SQL Error: SQLSTATE[42S22]: Column not found: 1054 Unknown column 'kyc_status' in 'field list'
[17-Nov-2025 11:57:05 Asia/Shanghai] SQL Error: SQLSTATE[42S02]: Base table or view not found: 1146 Table 'providence.login_logs' doesn't exist
[17-Nov-2025 11:57:08 Asia/Shanghai] PHP Warning:  Undefined array key "REQUEST_METHOD" in /www/wwwroot/copla/providence-admin/config/bootstrap.php on line 76
[17-Nov-2025 11:57:09 Asia/Shanghai] SQL Error: SQLSTATE[42S22]: Column not found: 1054 Unknown column 'realname' in 'field list'
[17-Nov-2025 11:57:10 Asia/Shanghai] PHP Warning:  Undefined array key "REQUEST_METHOD" in /www/wwwroot/copla/providence-admin/config/bootstrap.php on line 76
[17-Nov-2025 11:57:11 Asia/Shanghai] PHP Warning:  Undefined array key "REQUEST_METHOD" in /www/wwwroot/copla/providence-admin/config/bootstrap.php on line 76
[17-Nov-2025 11:57:14 Asia/Shanghai] PHP Warning:  Undefined array key "REQUEST_METHOD" in /www/wwwroot/copla/providence-admin/config/bootstrap.php on line 76
[17-Nov-2025 11:57:14 Asia/Shanghai] SQL Error: SQLSTATE[42S22]: Column not found: 1054 Unknown column 'kyc_status' in 'field list'
[17-Nov-2025 11:57:20 Asia/Shanghai] SQL Error: SQLSTATE[42S22]: Column not found: 1054 Unknown column 'realname' in 'field list'
[17-Nov-2025 11:57:23 Asia/Shanghai] PHP Warning:  Undefined array key "REQUEST_METHOD" in /www/wwwroot/copla/providence-admin/config/bootstrap.php on line 76
[17-Nov-2025 11:57:28 Asia/Shanghai] SQL Error: SQLSTATE[42S22]: Column not found: 1054 Unknown column 'realname' in 'field list'
[17-Nov-2025 11:57:42 Asia/Shanghai] PHP Warning:  Undefined array key "REQUEST_METHOD" in /www/wwwroot/copla/providence-admin/config/bootstrap.php on line 76
[17-Nov-2025 11:57:53 Asia/Shanghai] SQL Error: SQLSTATE[42S22]: Column not found: 1054 Unknown column 'realname' in 'field list'
[17-Nov-2025 11:58:00 Asia/Shanghai] PHP Warning:  Undefined array key "REQUEST_METHOD" in /www/wwwroot/copla/providence-admin/config/bootstrap.php on line 76
[17-Nov-2025 11:58:21 Asia/Shanghai] PHP Warning:  Undefined array key "REQUEST_METHOD" in /www/wwwroot/copla/providence-admin/config/bootstrap.php on line 76
[17-Nov-2025 11:58:24 Asia/Shanghai] SQL Error: SQLSTATE[42S22]: Column not found: 1054 Unknown column 'realname' in 'field list'
[17-Nov-2025 11:58:51 Asia/Shanghai] SQL Error: SQLSTATE[42S02]: Base table or view not found: 1146 Table 'providence.login_logs' doesn't exist
[17-Nov-2025 11:58:54 Asia/Shanghai] SQL Error: SQLSTATE[42S22]: Column not found: 1054 Unknown column 'realname' in 'field list'
[17-Nov-2025 11:59:30 Asia/Shanghai] SQL Error: SQLSTATE[42S22]: Column not found: 1054 Unknown column 'realname' in 'field list'
[17-Nov-2025 11:59:37 Asia/Shanghai] SQL Error: SQLSTATE[42S22]: Column not found: 1054 Unknown column 'realname' in 'field list'
[17-Nov-2025 11:59:38 Asia/Shanghai] PHP Warning:  Undefined array key "REQUEST_METHOD" in /www/wwwroot/copla/providence-admin/config/bootstrap.php on line 76
[17-Nov-2025 11:59:38 Asia/Shanghai] PHP Warning:  Cannot modify header information - headers already sent by (output started at Command line code:1) in /www/wwwroot/copla/providence-admin/api/user/check-username.php on line 13
[17-Nov-2025 11:59:43 Asia/Shanghai] PHP Warning:  Undefined array key "REQUEST_METHOD" in /www/wwwroot/copla/providence-admin/config/bootstrap.php on line 76
[17-Nov-2025 11:59:45 Asia/Shanghai] PHP Warning:  Undefined array key "REQUEST_METHOD" in /www/wwwroot/copla/providence-admin/config/bootstrap.php on line 76
[17-Nov-2025 11:59:48 Asia/Shanghai] PHP Warning:  Undefined array key "REQUEST_METHOD" in /www/wwwroot/copla/providence-admin/config/bootstrap.php on line 76
[17-Nov-2025 11:59:51 Asia/Shanghai] PHP Warning:  Undefined array key "REQUEST_METHOD" in /www/wwwroot/copla/providence-admin/config/bootstrap.php on line 76
[17-Nov-2025 12:00:11 Asia/Shanghai] PHP Warning:  Undefined array key "REQUEST_METHOD" in /www/wwwroot/copla/providence-admin/config/bootstrap.php on line 76
[17-Nov-2025 12:00:49 Asia/Shanghai] SQL Error: SQLSTATE[42S22]: Column not found: 1054 Unknown column 'realname' in 'field list'
[17-Nov-2025 12:01:20 Asia/Shanghai] SQL Error: SQLSTATE[42S22]: Column not found: 1054 Unknown column 'realname' in 'field list'
[17-Nov-2025 12:01:38 Asia/Shanghai] SQL Error: SQLSTATE[42S22]: Column not found: 1054 Unknown column 'realname' in 'field list'
[17-Nov-2025 12:01:53 Asia/Shanghai] SQL Error: SQLSTATE[42S22]: Column not found: 1054 Unknown column 'invite_code' in 'where clause'
[17-Nov-2025 12:01:53 Asia/Shanghai] SQL Error: SQLSTATE[42S22]: Column not found: 1054 Unknown column 'amount' in 'field list'
[17-Nov-2025 12:01:53 Asia/Shanghai] SQL Error: SQLSTATE[42S22]: Column not found: 1054 Unknown column 'level_name' in 'field list'
[17-Nov-2025 12:01:53 Asia/Shanghai] PHP Warning:  Undefined array key "kyc_status" in /www/wwwroot/copla/providence-admin/api/user/index.php on line 28
[17-Nov-2025 12:02:29 Asia/Shanghai] SQL Error: SQLSTATE[42S22]: Column not found: 1054 Unknown column 'invite_code' in 'where clause'
[17-Nov-2025 12:02:29 Asia/Shanghai] SQL Error: SQLSTATE[42S22]: Column not found: 1054 Unknown column 'amount' in 'field list'
[17-Nov-2025 12:02:29 Asia/Shanghai] SQL Error: SQLSTATE[42S22]: Column not found: 1054 Unknown column 'level_name' in 'field list'
[17-Nov-2025 12:02:29 Asia/Shanghai] PHP Warning:  Undefined array key "kyc_status" in /www/wwwroot/copla/providence-admin/api/user/index.php on line 28
[17-Nov-2025 12:03:14 Asia/Shanghai] SQL Error: SQLSTATE[42S22]: Column not found: 1054 Unknown column 'invite_code' in 'where clause'
[17-Nov-2025 12:03:14 Asia/Shanghai] SQL Error: SQLSTATE[42S22]: Column not found: 1054 Unknown column 'amount' in 'field list'
[17-Nov-2025 12:03:14 Asia/Shanghai] SQL Error: SQLSTATE[42S22]: Column not found: 1054 Unknown column 'level_name' in 'field list'
[17-Nov-2025 12:03:14 Asia/Shanghai] PHP Warning:  Undefined array key "kyc_status" in /www/wwwroot/copla/providence-admin/api/user/index.php on line 28
[17-Nov-2025 12:03:24 Asia/Shanghai] SQL Error: SQLSTATE[42S22]: Column not found: 1054 Unknown column 'invite_code' in 'where clause'
[17-Nov-2025 12:03:24 Asia/Shanghai] SQL Error: SQLSTATE[42S22]: Column not found: 1054 Unknown column 'amount' in 'field list'
[17-Nov-2025 12:03:24 Asia/Shanghai] SQL Error: SQLSTATE[42S22]: Column not found: 1054 Unknown column 'level_name' in 'field list'
[17-Nov-2025 12:03:24 Asia/Shanghai] PHP Warning:  Undefined array key "kyc_status" in /www/wwwroot/copla/providence-admin/api/user/index.php on line 28
[17-Nov-2025 12:03:38 Asia/Shanghai] SQL Error: SQLSTATE[42S22]: Column not found: 1054 Unknown column 'invite_code' in 'where clause'
[17-Nov-2025 12:03:38 Asia/Shanghai] SQL Error: SQLSTATE[42S22]: Column not found: 1054 Unknown column 'amount' in 'field list'
[17-Nov-2025 12:03:38 Asia/Shanghai] SQL Error: SQLSTATE[42S22]: Column not found: 1054 Unknown column 'level_name' in 'field list'
[17-Nov-2025 12:03:38 Asia/Shanghai] PHP Warning:  Undefined array key "kyc_status" in /www/wwwroot/copla/providence-admin/api/user/index.php on line 28
[17-Nov-2025 12:04:00 Asia/Shanghai] SQL Error: SQLSTATE[42S22]: Column not found: 1054 Unknown column 'invite_code' in 'where clause'
[17-Nov-2025 12:04:00 Asia/Shanghai] SQL Error: SQLSTATE[42S22]: Column not found: 1054 Unknown column 'amount' in 'field list'
[17-Nov-2025 12:04:00 Asia/Shanghai] SQL Error: SQLSTATE[42S22]: Column not found: 1054 Unknown column 'level_name' in 'field list'
[17-Nov-2025 12:04:00 Asia/Shanghai] PHP Warning:  Undefined array key "kyc_status" in /www/wwwroot/copla/providence-admin/api/user/index.php on line 28
[17-Nov-2025 12:04:07 Asia/Shanghai] SQL Error: SQLSTATE[42S22]: Column not found: 1054 Unknown column 'invite_code' in 'where clause'
[17-Nov-2025 12:04:07 Asia/Shanghai] SQL Error: SQLSTATE[42S22]: Column not found: 1054 Unknown column 'amount' in 'field list'
[17-Nov-2025 12:04:07 Asia/Shanghai] SQL Error: SQLSTATE[42S22]: Column not found: 1054 Unknown column 'level_name' in 'field list'
[17-Nov-2025 12:04:07 Asia/Shanghai] PHP Warning:  Undefined array key "kyc_status" in /www/wwwroot/copla/providence-admin/api/user/index.php on line 28
[17-Nov-2025 12:04:18 Asia/Shanghai] SQL Error: SQLSTATE[42S22]: Column not found: 1054 Unknown column 'invite_code' in 'where clause'
[17-Nov-2025 12:04:18 Asia/Shanghai] SQL Error: SQLSTATE[42S22]: Column not found: 1054 Unknown column 'amount' in 'field list'
[17-Nov-2025 12:04:18 Asia/Shanghai] SQL Error: SQLSTATE[42S22]: Column not found: 1054 Unknown column 'level_name' in 'field list'
[17-Nov-2025 12:04:18 Asia/Shanghai] PHP Warning:  Undefined array key "kyc_status" in /www/wwwroot/copla/providence-admin/api/user/index.php on line 28
[17-Nov-2025 12:04:32 Asia/Shanghai] SQL Error: SQLSTATE[42S22]: Column not found: 1054 Unknown column 'invite_code' in 'where clause'
[17-Nov-2025 12:04:32 Asia/Shanghai] SQL Error: SQLSTATE[42S22]: Column not found: 1054 Unknown column 'amount' in 'field list'
[17-Nov-2025 12:04:32 Asia/Shanghai] SQL Error: SQLSTATE[42S22]: Column not found: 1054 Unknown column 'level_name' in 'field list'
[17-Nov-2025 12:04:32 Asia/Shanghai] PHP Warning:  Undefined array key "kyc_status" in /www/wwwroot/copla/providence-admin/api/user/index.php on line 28
[17-Nov-2025 12:04:51 Asia/Shanghai] SQL Error: SQLSTATE[42S22]: Column not found: 1054 Unknown column 'invite_code' in 'where clause'
[17-Nov-2025 12:04:51 Asia/Shanghai] SQL Error: SQLSTATE[42S22]: Column not found: 1054 Unknown column 'amount' in 'field list'
[17-Nov-2025 12:04:51 Asia/Shanghai] SQL Error: SQLSTATE[42S22]: Column not found: 1054 Unknown column 'level_name' in 'field list'
[17-Nov-2025 12:04:51 Asia/Shanghai] PHP Warning:  Undefined array key "kyc_status" in /www/wwwroot/copla/providence-admin/api/user/index.php on line 28
[17-Nov-2025 12:06:27 Asia/Shanghai] SQL Error: SQLSTATE[42S22]: Column not found: 1054 Unknown column 'invite_code' in 'where clause'
[17-Nov-2025 12:06:27 Asia/Shanghai] SQL Error: SQLSTATE[42S22]: Column not found: 1054 Unknown column 'amount' in 'field list'
[17-Nov-2025 12:06:27 Asia/Shanghai] SQL Error: SQLSTATE[42S22]: Column not found: 1054 Unknown column 'level_name' in 'field list'
[17-Nov-2025 12:06:27 Asia/Shanghai] PHP Warning:  Undefined array key "kyc_status" in /www/wwwroot/copla/providence-admin/api/user/index.php on line 28
[17-Nov-2025 12:07:00 Asia/Shanghai] SQL Error: SQLSTATE[42S22]: Column not found: 1054 Unknown column 'invite_code' in 'where clause'
[17-Nov-2025 12:07:00 Asia/Shanghai] SQL Error: SQLSTATE[42S22]: Column not found: 1054 Unknown column 'amount' in 'field list'
[17-Nov-2025 12:07:00 Asia/Shanghai] SQL Error: SQLSTATE[42S22]: Column not found: 1054 Unknown column 'level_name' in 'field list'
[17-Nov-2025 12:07:00 Asia/Shanghai] PHP Warning:  Undefined array key "kyc_status" in /www/wwwroot/copla/providence-admin/api/user/index.php on line 28
[17-Nov-2025 12:07:06 Asia/Shanghai] SQL Error: SQLSTATE[42S22]: Column not found: 1054 Unknown column 'invite_code' in 'where clause'
[17-Nov-2025 12:07:06 Asia/Shanghai] SQL Error: SQLSTATE[42S22]: Column not found: 1054 Unknown column 'amount' in 'field list'
[17-Nov-2025 12:07:06 Asia/Shanghai] SQL Error: SQLSTATE[42S22]: Column not found: 1054 Unknown column 'level_name' in 'field list'
[17-Nov-2025 12:07:06 Asia/Shanghai] PHP Warning:  Undefined array key "kyc_status" in /www/wwwroot/copla/providence-admin/api/user/index.php on line 28
[17-Nov-2025 12:07:42 Asia/Shanghai] SQL Error: SQLSTATE[42S22]: Column not found: 1054 Unknown column 'invite_code' in 'where clause'
[17-Nov-2025 12:07:42 Asia/Shanghai] SQL Error: SQLSTATE[42S22]: Column not found: 1054 Unknown column 'amount' in 'field list'
[17-Nov-2025 12:07:42 Asia/Shanghai] SQL Error: SQLSTATE[42S22]: Column not found: 1054 Unknown column 'level_name' in 'field list'
[17-Nov-2025 12:07:42 Asia/Shanghai] PHP Warning:  Undefined array key "kyc_status" in /www/wwwroot/copla/providence-admin/api/user/index.php on line 28
[17-Nov-2025 12:14:32 Asia/Shanghai] SQL Error: SQLSTATE[42S22]: Column not found: 1054 Unknown column 'invite_code' in 'where clause'
[17-Nov-2025 12:14:32 Asia/Shanghai] SQL Error: SQLSTATE[42S22]: Column not found: 1054 Unknown column 'amount' in 'field list'
[17-Nov-2025 12:14:32 Asia/Shanghai] SQL Error: SQLSTATE[42S22]: Column not found: 1054 Unknown column 'level_name' in 'field list'
[17-Nov-2025 12:14:32 Asia/Shanghai] PHP Warning:  Undefined array key "kyc_status" in /www/wwwroot/copla/providence-admin/api/user/index.php on line 28
[17-Nov-2025 12:15:06 Asia/Shanghai] SQL Error: SQLSTATE[42S22]: Column not found: 1054 Unknown column 'invite_code' in 'where clause'
[17-Nov-2025 12:15:06 Asia/Shanghai] SQL Error: SQLSTATE[42S22]: Column not found: 1054 Unknown column 'amount' in 'field list'
[17-Nov-2025 12:15:06 Asia/Shanghai] SQL Error: SQLSTATE[42S22]: Column not found: 1054 Unknown column 'level_name' in 'field list'
[17-Nov-2025 12:15:06 Asia/Shanghai] PHP Warning:  Undefined array key "kyc_status" in /www/wwwroot/copla/providence-admin/api/user/index.php on line 28
[17-Nov-2025 12:16:10 Asia/Shanghai] SQL Error: SQLSTATE[42S22]: Column not found: 1054 Unknown column 'invite_code' in 'where clause'
[17-Nov-2025 12:16:10 Asia/Shanghai] SQL Error: SQLSTATE[42S22]: Column not found: 1054 Unknown column 'amount' in 'field list'
[17-Nov-2025 12:16:10 Asia/Shanghai] SQL Error: SQLSTATE[42S22]: Column not found: 1054 Unknown column 'level_name' in 'field list'
[17-Nov-2025 12:16:10 Asia/Shanghai] PHP Warning:  Undefined array key "kyc_status" in /www/wwwroot/copla/providence-admin/api/user/index.php on line 28
[17-Nov-2025 12:16:25 Asia/Shanghai] SQL Error: SQLSTATE[42S22]: Column not found: 1054 Unknown column 'invite_code' in 'where clause'
[17-Nov-2025 12:16:25 Asia/Shanghai] SQL Error: SQLSTATE[42S22]: Column not found: 1054 Unknown column 'amount' in 'field list'
[17-Nov-2025 12:16:25 Asia/Shanghai] SQL Error: SQLSTATE[42S22]: Column not found: 1054 Unknown column 'level_name' in 'field list'
[17-Nov-2025 12:16:25 Asia/Shanghai] PHP Warning:  Undefined array key "kyc_status" in /www/wwwroot/copla/providence-admin/api/user/index.php on line 28
[17-Nov-2025 12:16:36 Asia/Shanghai] SQL Error: SQLSTATE[42S22]: Column not found: 1054 Unknown column 'invite_code' in 'where clause'
[17-Nov-2025 12:16:36 Asia/Shanghai] SQL Error: SQLSTATE[42S22]: Column not found: 1054 Unknown column 'amount' in 'field list'
[17-Nov-2025 12:16:36 Asia/Shanghai] SQL Error: SQLSTATE[42S22]: Column not found: 1054 Unknown column 'level_name' in 'field list'
[17-Nov-2025 12:16:36 Asia/Shanghai] PHP Warning:  Undefined array key "kyc_status" in /www/wwwroot/copla/providence-admin/api/user/index.php on line 28
[17-Nov-2025 12:16:45 Asia/Shanghai] SQL Error: SQLSTATE[42S22]: Column not found: 1054 Unknown column 'invite_code' in 'where clause'
[17-Nov-2025 12:16:45 Asia/Shanghai] SQL Error: SQLSTATE[42S22]: Column not found: 1054 Unknown column 'amount' in 'field list'
[17-Nov-2025 12:16:45 Asia/Shanghai] SQL Error: SQLSTATE[42S22]: Column not found: 1054 Unknown column 'level_name' in 'field list'
[17-Nov-2025 12:16:45 Asia/Shanghai] PHP Warning:  Undefined array key "kyc_status" in /www/wwwroot/copla/providence-admin/api/user/index.php on line 28
[17-Nov-2025 12:16:49 Asia/Shanghai] SQL Error: SQLSTATE[42S22]: Column not found: 1054 Unknown column 'invite_code' in 'where clause'
[17-Nov-2025 12:16:49 Asia/Shanghai] SQL Error: SQLSTATE[42S22]: Column not found: 1054 Unknown column 'amount' in 'field list'
[17-Nov-2025 12:16:49 Asia/Shanghai] SQL Error: SQLSTATE[42S22]: Column not found: 1054 Unknown column 'level_name' in 'field list'
[17-Nov-2025 12:16:49 Asia/Shanghai] PHP Warning:  Undefined array key "kyc_status" in /www/wwwroot/copla/providence-admin/api/user/index.php on line 28
[17-Nov-2025 12:18:30 Asia/Shanghai] SQL Error: SQLSTATE[42S22]: Column not found: 1054 Unknown column 'invite_code' in 'where clause'
[17-Nov-2025 12:18:30 Asia/Shanghai] SQL Error: SQLSTATE[42S22]: Column not found: 1054 Unknown column 'amount' in 'field list'
[17-Nov-2025 12:18:30 Asia/Shanghai] SQL Error: SQLSTATE[42S22]: Column not found: 1054 Unknown column 'level_name' in 'field list'
[17-Nov-2025 12:18:30 Asia/Shanghai] PHP Warning:  Undefined array key "kyc_status" in /www/wwwroot/copla/providence-admin/api/user/index.php on line 28
[17-Nov-2025 12:22:12 Asia/Shanghai] SQL Error: SQLSTATE[42S22]: Column not found: 1054 Unknown column 'invite_code' in 'where clause'
[17-Nov-2025 12:22:12 Asia/Shanghai] SQL Error: SQLSTATE[42S22]: Column not found: 1054 Unknown column 'amount' in 'field list'
[17-Nov-2025 12:22:12 Asia/Shanghai] SQL Error: SQLSTATE[42S22]: Column not found: 1054 Unknown column 'level_name' in 'field list'
[17-Nov-2025 12:22:12 Asia/Shanghai] PHP Warning:  Undefined array key "kyc_status" in /www/wwwroot/copla/providence-admin/api/user/index.php on line 28
[17-Nov-2025 12:22:19 Asia/Shanghai] SQL Error: SQLSTATE[42S22]: Column not found: 1054 Unknown column 'invite_code' in 'where clause'
[17-Nov-2025 12:22:19 Asia/Shanghai] SQL Error: SQLSTATE[42S22]: Column not found: 1054 Unknown column 'amount' in 'field list'
[17-Nov-2025 12:22:19 Asia/Shanghai] SQL Error: SQLSTATE[42S22]: Column not found: 1054 Unknown column 'level_name' in 'field list'
[17-Nov-2025 12:22:19 Asia/Shanghai] PHP Warning:  Undefined array key "kyc_status" in /www/wwwroot/copla/providence-admin/api/user/index.php on line 28
[17-Nov-2025 12:23:48 Asia/Shanghai] SQL Error: SQLSTATE[42S22]: Column not found: 1054 Unknown column 'invite_code' in 'where clause'
[17-Nov-2025 12:23:48 Asia/Shanghai] SQL Error: SQLSTATE[42S22]: Column not found: 1054 Unknown column 'amount' in 'field list'
[17-Nov-2025 12:23:48 Asia/Shanghai] SQL Error: SQLSTATE[42S22]: Column not found: 1054 Unknown column 'level_name' in 'field list'
[17-Nov-2025 12:23:48 Asia/Shanghai] PHP Warning:  Undefined array key "kyc_status" in /www/wwwroot/copla/providence-admin/api/user/index.php on line 28
[17-Nov-2025 12:24:06 Asia/Shanghai] SQL Error: SQLSTATE[42S22]: Column not found: 1054 Unknown column 'invite_code' in 'where clause'
[17-Nov-2025 12:24:06 Asia/Shanghai] SQL Error: SQLSTATE[42S22]: Column not found: 1054 Unknown column 'amount' in 'field list'
[17-Nov-2025 12:24:06 Asia/Shanghai] SQL Error: SQLSTATE[42S22]: Column not found: 1054 Unknown column 'level_name' in 'field list'
[17-Nov-2025 12:24:06 Asia/Shanghai] PHP Warning:  Undefined array key "kyc_status" in /www/wwwroot/copla/providence-admin/api/user/index.php on line 28
[17-Nov-2025 12:24:30 Asia/Shanghai] SQL Error: SQLSTATE[42S22]: Column not found: 1054 Unknown column 'invite_code' in 'where clause'
[17-Nov-2025 12:24:30 Asia/Shanghai] SQL Error: SQLSTATE[42S22]: Column not found: 1054 Unknown column 'amount' in 'field list'
[17-Nov-2025 12:24:30 Asia/Shanghai] SQL Error: SQLSTATE[42S22]: Column not found: 1054 Unknown column 'level_name' in 'field list'
[17-Nov-2025 12:24:30 Asia/Shanghai] PHP Warning:  Undefined array key "kyc_status" in /www/wwwroot/copla/providence-admin/api/user/index.php on line 28
[17-Nov-2025 12:26:36 Asia/Shanghai] SQL Error: SQLSTATE[42S22]: Column not found: 1054 Unknown column 'invite_code' in 'where clause'
[17-Nov-2025 12:26:36 Asia/Shanghai] SQL Error: SQLSTATE[42S22]: Column not found: 1054 Unknown column 'amount' in 'field list'
[17-Nov-2025 12:26:36 Asia/Shanghai] SQL Error: SQLSTATE[42S22]: Column not found: 1054 Unknown column 'level_name' in 'field list'
[17-Nov-2025 12:26:36 Asia/Shanghai] PHP Warning:  Undefined array key "kyc_status" in /www/wwwroot/copla/providence-admin/api/user/index.php on line 28
[17-Nov-2025 12:27:22 Asia/Shanghai] SQL Error: SQLSTATE[42S22]: Column not found: 1054 Unknown column 'invite_code' in 'where clause'
[17-Nov-2025 12:27:22 Asia/Shanghai] SQL Error: SQLSTATE[42S22]: Column not found: 1054 Unknown column 'amount' in 'field list'
[17-Nov-2025 12:27:22 Asia/Shanghai] SQL Error: SQLSTATE[42S22]: Column not found: 1054 Unknown column 'level_name' in 'field list'
[17-Nov-2025 12:27:22 Asia/Shanghai] PHP Warning:  Undefined array key "kyc_status" in /www/wwwroot/copla/providence-admin/api/user/index.php on line 28
[17-Nov-2025 12:27:37 Asia/Shanghai] SQL Error: SQLSTATE[42S22]: Column not found: 1054 Unknown column 'invite_code' in 'where clause'
[17-Nov-2025 12:27:37 Asia/Shanghai] SQL Error: SQLSTATE[42S22]: Column not found: 1054 Unknown column 'amount' in 'field list'
[17-Nov-2025 12:27:37 Asia/Shanghai] SQL Error: SQLSTATE[42S22]: Column not found: 1054 Unknown column 'level_name' in 'field list'
[17-Nov-2025 12:27:37 Asia/Shanghai] PHP Warning:  Undefined array key "kyc_status" in /www/wwwroot/copla/providence-admin/api/user/index.php on line 28
[17-Nov-2025 13:05:05 Asia/Shanghai] SQL Error: SQLSTATE[42S22]: Column not found: 1054 Unknown column 'invite_code' in 'where clause'
[17-Nov-2025 13:05:05 Asia/Shanghai] SQL Error: SQLSTATE[42S22]: Column not found: 1054 Unknown column 'amount' in 'field list'
[17-Nov-2025 13:05:05 Asia/Shanghai] SQL Error: SQLSTATE[42S22]: Column not found: 1054 Unknown column 'level_name' in 'field list'
[17-Nov-2025 13:05:05 Asia/Shanghai] PHP Warning:  Undefined array key "kyc_status" in /www/wwwroot/copla/providence-admin/api/user/index.php on line 28
[17-Nov-2025 13:06:10 Asia/Shanghai] SQL Error: SQLSTATE[42S22]: Column not found: 1054 Unknown column 'invite_code' in 'where clause'
[17-Nov-2025 13:06:10 Asia/Shanghai] SQL Error: SQLSTATE[42S22]: Column not found: 1054 Unknown column 'amount' in 'field list'
[17-Nov-2025 13:06:10 Asia/Shanghai] SQL Error: SQLSTATE[42S22]: Column not found: 1054 Unknown column 'level_name' in 'field list'
[17-Nov-2025 13:06:10 Asia/Shanghai] PHP Warning:  Undefined array key "kyc_status" in /www/wwwroot/copla/providence-admin/api/user/index.php on line 28
[17-Nov-2025 13:08:19 Asia/Shanghai] SQL Error: SQLSTATE[42S22]: Column not found: 1054 Unknown column 'invite_code' in 'where clause'
[17-Nov-2025 13:08:19 Asia/Shanghai] SQL Error: SQLSTATE[42S22]: Column not found: 1054 Unknown column 'amount' in 'field list'
[17-Nov-2025 13:08:19 Asia/Shanghai] SQL Error: SQLSTATE[42S22]: Column not found: 1054 Unknown column 'level_name' in 'field list'
[17-Nov-2025 13:08:19 Asia/Shanghai] PHP Warning:  Undefined array key "kyc_status" in /www/wwwroot/copla/providence-admin/api/user/index.php on line 28
[17-Nov-2025 14:03:14 Asia/Shanghai] PHP Fatal error:  Uncaught ArgumentCountError: preg_replace() expects at least 3 arguments, 2 given in /www/wwwroot/copla/providence-admin/api/index.php:21
Stack trace:
#0 /www/wwwroot/copla/providence-admin/api/index.php(21): preg_replace()
#1 {main}
  thrown in /www/wwwroot/copla/providence-admin/api/index.php on line 21
[17-Nov-2025 14:04:28 Asia/Shanghai] PHP Warning:  Undefined variable $path in /www/wwwroot/copla/providence-admin/api/index.php on line 20
[17-Nov-2025 14:04:28 Asia/Shanghai] PHP Deprecated:  preg_replace(): Passing null to parameter #3 ($subject) of type array|string is deprecated in /www/wwwroot/copla/providence-admin/api/index.php on line 20
[17-Nov-2025 14:04:28 Asia/Shanghai] PHP Warning:  Undefined variable $uri in /www/wwwroot/copla/providence-admin/api/index.php on line 21
[17-Nov-2025 14:04:28 Asia/Shanghai] PHP Deprecated:  parse_url(): Passing null to parameter #1 ($url) of type string is deprecated in /www/wwwroot/copla/providence-admin/api/index.php on line 21
[17-Nov-2025 15:17:39 Asia/Shanghai] PHP Warning:  require_once(/www/wwwroot/copla/providence-admin/api/user/../bootstrap.php): Failed to open stream: No such file or directory in /www/wwwroot/copla/providence-admin/api/user/ribao-transfer-in.php on line 12
[17-Nov-2025 15:17:39 Asia/Shanghai] PHP Fatal error:  Uncaught Error: Failed opening required '/www/wwwroot/copla/providence-admin/api/user/../bootstrap.php' (include_path='.:/www/server/php/82/lib/php') in /www/wwwroot/copla/providence-admin/api/user/ribao-transfer-in.php:12
Stack trace:
#0 /www/wwwroot/copla/providence-admin/api/index.php(165): require()
#1 {main}
  thrown in /www/wwwroot/copla/providence-admin/api/user/ribao-transfer-in.php on line 12
[17-Nov-2025 20:08:46 Asia/Shanghai] SQL Error: SQLSTATE[42S22]: Column not found: 1054 Unknown column 'certificate' in 'field list'
[17-Nov-2025 20:55:51 Asia/Shanghai] SQL Error: SQLSTATE[42S22]: Column not found: 1054 Unknown column 'invite_code' in 'where clause'
[17-Nov-2025 20:55:51 Asia/Shanghai] SQL Error: SQLSTATE[42S22]: Column not found: 1054 Unknown column 'amount' in 'field list'
[17-Nov-2025 20:55:51 Asia/Shanghai] SQL Error: SQLSTATE[42S22]: Column not found: 1054 Unknown column 'level_name' in 'field list'
[17-Nov-2025 20:55:51 Asia/Shanghai] PHP Warning:  Undefined array key "kyc_status" in /www/wwwroot/copla/providence-admin/api/user/index.php on line 28
[17-Nov-2025 20:56:53 Asia/Shanghai] SQL Error: SQLSTATE[42S22]: Column not found: 1054 Unknown column 'invest_amount' in 'field list'
[17-Nov-2025 21:39:47 Asia/Shanghai] SQL Error: SQLSTATE[42S22]: Column not found: 1054 Unknown column 'meta' in 'field list'
[17-Nov-2025 21:39:52 Asia/Shanghai] SQL Error: SQLSTATE[42S22]: Column not found: 1054 Unknown column 'meta' in 'field list'
[17-Nov-2025 21:39:57 Asia/Shanghai] SQL Error: SQLSTATE[42S22]: Column not found: 1054 Unknown column 'meta' in 'field list'
[17-Nov-2025 21:40:02 Asia/Shanghai] SQL Error: SQLSTATE[42S22]: Column not found: 1054 Unknown column 'meta' in 'field list'
[17-Nov-2025 21:40:07 Asia/Shanghai] SQL Error: SQLSTATE[42S22]: Column not found: 1054 Unknown column 'meta' in 'field list'
[17-Nov-2025 21:46:34 Asia/Shanghai] 支付网关请求 [URL:https://sevenpay.lh.plus/api/pay/create]: {"merchant_id":"M1763172182","order_no":"RCH202511172146343065","amount":"100.00","channel":"S02","notify_url":"https:\/\/apis.copla.top\/index.php\/pay\/notify","timestamp":1763387194,"return_url":"https:\/\/copla.top\/recharge.html","sign":"B231822C65F445672E327A25BB44D8D0"}
[17-Nov-2025 21:46:36 Asia/Shanghai] 支付网关返回 [订单:RCH202511172146343065]: {"code":0,"message":"商户号不能为空","data":null}
[17-Nov-2025 21:46:36 Asia/Shanghai] 支付网关返回错误 [订单:RCH202511172146343065]: 商户号不能为空
[17-Nov-2025 21:47:01 Asia/Shanghai] 支付网关请求 [URL:https://sevenpay.lh.plus/api/pay/create]: {"merchant_id":"M1763172182","order_no":"RCH202511172147013015","amount":"100.00","channel":"S01","notify_url":"https:\/\/apis.copla.top\/index.php\/pay\/notify","timestamp":1763387221,"return_url":"https:\/\/copla.top\/recharge.html","sign":"1A899613125C93F83BCB9A404844EF60"}
[17-Nov-2025 21:47:01 Asia/Shanghai] 支付网关返回 [订单:RCH202511172147013015]: {"code":0,"message":"商户号不能为空","data":null}
[17-Nov-2025 21:47:01 Asia/Shanghai] 支付网关返回错误 [订单:RCH202511172147013015]: 商户号不能为空
[17-Nov-2025 21:47:10 Asia/Shanghai] SQL Error: SQLSTATE[42S22]: Column not found: 1054 Unknown column 'meta' in 'field list'
[17-Nov-2025 21:47:15 Asia/Shanghai] SQL Error: SQLSTATE[42S22]: Column not found: 1054 Unknown column 'meta' in 'field list'
[17-Nov-2025 21:47:15 Asia/Shanghai] SQL Error: SQLSTATE[42S22]: Column not found: 1054 Unknown column 'meta' in 'field list'
[17-Nov-2025 21:47:17 Asia/Shanghai] SQL Error: SQLSTATE[42S22]: Column not found: 1054 Unknown column 'meta' in 'field list'
[17-Nov-2025 21:47:20 Asia/Shanghai] SQL Error: SQLSTATE[42S22]: Column not found: 1054 Unknown column 'meta' in 'field list'
[17-Nov-2025 21:47:25 Asia/Shanghai] SQL Error: SQLSTATE[42S22]: Column not found: 1054 Unknown column 'meta' in 'field list'
[17-Nov-2025 21:47:30 Asia/Shanghai] SQL Error: SQLSTATE[42S22]: Column not found: 1054 Unknown column 'meta' in 'field list'
[17-Nov-2025 21:47:35 Asia/Shanghai] SQL Error: SQLSTATE[42S22]: Column not found: 1054 Unknown column 'meta' in 'field list'
[17-Nov-2025 21:47:36 Asia/Shanghai] SQL Error: SQLSTATE[42S22]: Column not found: 1054 Unknown column 'meta' in 'field list'
[17-Nov-2025 21:47:40 Asia/Shanghai] SQL Error: SQLSTATE[42S22]: Column not found: 1054 Unknown column 'meta' in 'field list'
[17-Nov-2025 21:47:45 Asia/Shanghai] SQL Error: SQLSTATE[42S22]: Column not found: 1054 Unknown column 'meta' in 'field list'
[17-Nov-2025 21:48:10 Asia/Shanghai] SQL Error: SQLSTATE[42S22]: Column not found: 1054 Unknown column 'meta' in 'field list'
[17-Nov-2025 21:48:13 Asia/Shanghai] SQL Error: SQLSTATE[42S22]: Column not found: 1054 Unknown column 'meta' in 'field list'
[17-Nov-2025 21:48:13 Asia/Shanghai] SQL Error: SQLSTATE[42S22]: Column not found: 1054 Unknown column 'meta' in 'field list'
[17-Nov-2025 22:03:22 Asia/Shanghai] 支付网关请求参数: {"merchantCode":"M1763172182","channelType":"S01","merchantOrderNo":"RCH202511172203229504","amount":"111.00","notifyUrl":"https:\/\/apis.copla.top\/index.php\/pay\/notify","returnUrl":"https:\/\/copla.top\/recharge.html","ip":"2406:2d40:6359:110:91b7:2ad3:5b84:4487","title":"充值订单","describe":"用户充值"}
[17-Nov-2025 22:03:22 Asia/Shanghai] 支付网关签名字符串: amount=111.00&channelType=S01&describe=用户充值&ip=2406:2d40:6359:110:91b7:2ad3:5b84:4487&merchantCode=M1763172182&merchantOrderNo=RCH202511172203229504&notifyUrl=https://apis.copla.top/index.php/pay/notify&returnUrl=https://copla.top/recharge.html&title=充值订单&key=3e4cbfb35a35787ccc98bd13027b4a02
[17-Nov-2025 22:03:22 Asia/Shanghai] 支付网关生成签名: 4860223643ceb1173bde4246ba0eb4f0
[17-Nov-2025 22:03:22 Asia/Shanghai] 支付网关签名后参数: {"merchantCode":"M1763172182","channelType":"S01","merchantOrderNo":"RCH202511172203229504","amount":"111.00","notifyUrl":"https:\/\/apis.copla.top\/index.php\/pay\/notify","returnUrl":"https:\/\/copla.top\/recharge.html","ip":"2406:2d40:6359:110:91b7:2ad3:5b84:4487","title":"充值订单","describe":"用户充值","sign":"4860223643ceb1173bde4246ba0eb4f0"}
[17-Nov-2025 22:03:22 Asia/Shanghai] 支付网关请求 [URL:https://sevenpay.lh.plus/api/pay/create]: {"merchantCode":"M1763172182","channelType":"S01","merchantOrderNo":"RCH202511172203229504","amount":"111.00","notifyUrl":"https:\/\/apis.copla.top\/index.php\/pay\/notify","returnUrl":"https:\/\/copla.top\/recharge.html","ip":"2406:2d40:6359:110:91b7:2ad3:5b84:4487","title":"充值订单","describe":"用户充值","sign":"4860223643ceb1173bde4246ba0eb4f0"}
[17-Nov-2025 22:03:24 Asia/Shanghai] 支付网关返回 [订单:RCH202511172203229504]: {"code":0,"message":"下单失败,请重新下单","data":null}
[17-Nov-2025 22:03:24 Asia/Shanghai] 支付网关返回错误 [订单:RCH202511172203229504]: 下单失败,请重新下单
[17-Nov-2025 22:04:46 Asia/Shanghai] SQL Error: SQLSTATE[42S22]: Column not found: 1054 Unknown column 'meta' in 'field list'
[17-Nov-2025 22:04:51 Asia/Shanghai] SQL Error: SQLSTATE[42S22]: Column not found: 1054 Unknown column 'meta' in 'field list'
[17-Nov-2025 22:04:56 Asia/Shanghai] SQL Error: SQLSTATE[42S22]: Column not found: 1054 Unknown column 'meta' in 'field list'
[17-Nov-2025 22:05:00 Asia/Shanghai] SQL Error: SQLSTATE[42S22]: Column not found: 1054 Unknown column 'meta' in 'field list'
[17-Nov-2025 22:05:01 Asia/Shanghai] SQL Error: SQLSTATE[42S22]: Column not found: 1054 Unknown column 'meta' in 'field list'
[17-Nov-2025 22:05:53 Asia/Shanghai] 支付网关请求参数: {"merchantCode":"M1763172182","channelType":"S02","merchantOrderNo":"RCH202511172205536913","amount":"1111.00","notifyUrl":"https:\/\/apis.copla.top\/index.php\/pay\/notify","returnUrl":"https:\/\/copla.top\/recharge.html","ip":"2406:2d40:6359:110:91b7:2ad3:5b84:4487","title":"充值订单","describe":"用户充值"}
[17-Nov-2025 22:05:53 Asia/Shanghai] 支付网关签名字符串: amount=1111.00&channelType=S02&describe=用户充值&ip=2406:2d40:6359:110:91b7:2ad3:5b84:4487&merchantCode=M1763172182&merchantOrderNo=RCH202511172205536913&notifyUrl=https://apis.copla.top/index.php/pay/notify&returnUrl=https://copla.top/recharge.html&title=充值订单&key=3e4cbfb35a35787ccc98bd13027b4a02
[17-Nov-2025 22:05:53 Asia/Shanghai] 支付网关生成签名: ad6a462db6a2c9ae13f1cbe7d30038b0
[17-Nov-2025 22:05:53 Asia/Shanghai] 支付网关签名后参数: {"merchantCode":"M1763172182","channelType":"S02","merchantOrderNo":"RCH202511172205536913","amount":"1111.00","notifyUrl":"https:\/\/apis.copla.top\/index.php\/pay\/notify","returnUrl":"https:\/\/copla.top\/recharge.html","ip":"2406:2d40:6359:110:91b7:2ad3:5b84:4487","title":"充值订单","describe":"用户充值","sign":"ad6a462db6a2c9ae13f1cbe7d30038b0"}
[17-Nov-2025 22:05:53 Asia/Shanghai] 支付网关请求 [URL:https://sevenpay.lh.plus/api/pay/create]: {"merchantCode":"M1763172182","channelType":"S02","merchantOrderNo":"RCH202511172205536913","amount":"1111.00","notifyUrl":"https:\/\/apis.copla.top\/index.php\/pay\/notify","returnUrl":"https:\/\/copla.top\/recharge.html","ip":"2406:2d40:6359:110:91b7:2ad3:5b84:4487","title":"充值订单","describe":"用户充值","sign":"ad6a462db6a2c9ae13f1cbe7d30038b0"}
[17-Nov-2025 22:05:53 Asia/Shanghai] 支付网关表单数据: merchantCode=M1763172182&channelType=S02&merchantOrderNo=RCH202511172205536913&amount=1111.00&notifyUrl=https%3A%2F%2Fapis.copla.top%2Findex.php%2Fpay%2Fnotify&returnUrl=https%3A%2F%2Fcopla.top%2Frecharge.html&ip=2406%3A2d40%3A6359%3A110%3A91b7%3A2ad3%3A5b84%3A4487&title=%E5%85%85%E5%80%BC%E8%AE%A2%E5%8D%95&describe=%E7%94%A8%E6%88%B7%E5%85%85%E5%80%BC&sign=ad6a462db6a2c9ae13f1cbe7d30038b0
[17-Nov-2025 22:05:56 Asia/Shanghai] 支付网关原始响应: {"code":0,"message":"下单失败,请重新下单","data":null}
[17-Nov-2025 22:05:56 Asia/Shanghai] 支付网关解析后响应: {"code":0,"message":"下单失败,请重新下单","data":null}
[17-Nov-2025 22:05:56 Asia/Shanghai] 支付网关返回失败: 下单失败,请重新下单
[17-Nov-2025 22:05:56 Asia/Shanghai] 支付网关调用失败 [订单:RCH202511172205536913]: 下单失败,请重新下单
[17-Nov-2025 22:07:16 Asia/Shanghai] 支付网关请求参数: {"merchantCode":"M1763172182","channelType":"S02","merchantOrderNo":"RCH202511172207167781","amount":"111.00","notifyUrl":"https:\/\/apis.copla.top\/index.php\/pay\/notify","returnUrl":"https:\/\/copla.top\/recharge.html","ip":"2406:2d40:6359:110:91b7:2ad3:5b84:4487","title":"充值订单","describe":"用户充值"}
[17-Nov-2025 22:07:16 Asia/Shanghai] 支付网关签名字符串: amount=111.00&channelType=S02&describe=用户充值&ip=2406:2d40:6359:110:91b7:2ad3:5b84:4487&merchantCode=M1763172182&merchantOrderNo=RCH202511172207167781&notifyUrl=https://apis.copla.top/index.php/pay/notify&returnUrl=https://copla.top/recharge.html&title=充值订单&key=3e4cbfb35a35787ccc98bd13027b4a02
[17-Nov-2025 22:07:16 Asia/Shanghai] 支付网关生成签名: 1fa20eb192d9331bfa7e8189636a7544
[17-Nov-2025 22:07:16 Asia/Shanghai] 支付网关签名后参数: {"merchantCode":"M1763172182","channelType":"S02","merchantOrderNo":"RCH202511172207167781","amount":"111.00","notifyUrl":"https:\/\/apis.copla.top\/index.php\/pay\/notify","returnUrl":"https:\/\/copla.top\/recharge.html","ip":"2406:2d40:6359:110:91b7:2ad3:5b84:4487","title":"充值订单","describe":"用户充值","sign":"1fa20eb192d9331bfa7e8189636a7544"}
[17-Nov-2025 22:07:16 Asia/Shanghai] 支付网关请求 [URL:https://sevenpay.lh.plus/api/pay/create]: {"merchantCode":"M1763172182","channelType":"S02","merchantOrderNo":"RCH202511172207167781","amount":"111.00","notifyUrl":"https:\/\/apis.copla.top\/index.php\/pay\/notify","returnUrl":"https:\/\/copla.top\/recharge.html","ip":"2406:2d40:6359:110:91b7:2ad3:5b84:4487","title":"充值订单","describe":"用户充值","sign":"1fa20eb192d9331bfa7e8189636a7544"}
[17-Nov-2025 22:07:16 Asia/Shanghai] 支付网关表单数据: merchantCode=M1763172182&channelType=S02&merchantOrderNo=RCH202511172207167781&amount=111.00&notifyUrl=https%3A%2F%2Fapis.copla.top%2Findex.php%2Fpay%2Fnotify&returnUrl=https%3A%2F%2Fcopla.top%2Frecharge.html&ip=2406%3A2d40%3A6359%3A110%3A91b7%3A2ad3%3A5b84%3A4487&title=%E5%85%85%E5%80%BC%E8%AE%A2%E5%8D%95&describe=%E7%94%A8%E6%88%B7%E5%85%85%E5%80%BC&sign=1fa20eb192d9331bfa7e8189636a7544
[17-Nov-2025 22:07:18 Asia/Shanghai] 支付网关原始响应: {"code":0,"message":"下单失败,请重新下单","data":null}
[17-Nov-2025 22:07:18 Asia/Shanghai] 支付网关解析后响应: {"code":0,"message":"下单失败,请重新下单","data":null}
[17-Nov-2025 22:07:18 Asia/Shanghai] 支付网关返回失败: 下单失败,请重新下单
[17-Nov-2025 22:07:18 Asia/Shanghai] 支付网关调用失败 [订单:RCH202511172207167781]: 下单失败,请重新下单
[17-Nov-2025 22:07:22 Asia/Shanghai] 支付网关请求参数: {"merchantCode":"M1763172182","channelType":"S02","merchantOrderNo":"RCH202511172207228670","amount":"111.00","notifyUrl":"https:\/\/apis.copla.top\/index.php\/pay\/notify","returnUrl":"https:\/\/copla.top\/recharge.html","ip":"2406:2d40:6359:110:91b7:2ad3:5b84:4487","title":"充值订单","describe":"用户充值"}
[17-Nov-2025 22:07:22 Asia/Shanghai] 支付网关签名字符串: amount=111.00&channelType=S02&describe=用户充值&ip=2406:2d40:6359:110:91b7:2ad3:5b84:4487&merchantCode=M1763172182&merchantOrderNo=RCH202511172207228670&notifyUrl=https://apis.copla.top/index.php/pay/notify&returnUrl=https://copla.top/recharge.html&title=充值订单&key=3e4cbfb35a35787ccc98bd13027b4a02
[17-Nov-2025 22:07:22 Asia/Shanghai] 支付网关生成签名: 51209cc98a4ea1a004c344dceffb93a8
[17-Nov-2025 22:07:22 Asia/Shanghai] 支付网关签名后参数: {"merchantCode":"M1763172182","channelType":"S02","merchantOrderNo":"RCH202511172207228670","amount":"111.00","notifyUrl":"https:\/\/apis.copla.top\/index.php\/pay\/notify","returnUrl":"https:\/\/copla.top\/recharge.html","ip":"2406:2d40:6359:110:91b7:2ad3:5b84:4487","title":"充值订单","describe":"用户充值","sign":"51209cc98a4ea1a004c344dceffb93a8"}
[17-Nov-2025 22:07:22 Asia/Shanghai] 支付网关请求 [URL:https://sevenpay.lh.plus/api/pay/create]: {"merchantCode":"M1763172182","channelType":"S02","merchantOrderNo":"RCH202511172207228670","amount":"111.00","notifyUrl":"https:\/\/apis.copla.top\/index.php\/pay\/notify","returnUrl":"https:\/\/copla.top\/recharge.html","ip":"2406:2d40:6359:110:91b7:2ad3:5b84:4487","title":"充值订单","describe":"用户充值","sign":"51209cc98a4ea1a004c344dceffb93a8"}
[17-Nov-2025 22:07:22 Asia/Shanghai] 支付网关表单数据: merchantCode=M1763172182&channelType=S02&merchantOrderNo=RCH202511172207228670&amount=111.00&notifyUrl=https%3A%2F%2Fapis.copla.top%2Findex.php%2Fpay%2Fnotify&returnUrl=https%3A%2F%2Fcopla.top%2Frecharge.html&ip=2406%3A2d40%3A6359%3A110%3A91b7%3A2ad3%3A5b84%3A4487&title=%E5%85%85%E5%80%BC%E8%AE%A2%E5%8D%95&describe=%E7%94%A8%E6%88%B7%E5%85%85%E5%80%BC&sign=51209cc98a4ea1a004c344dceffb93a8
[17-Nov-2025 22:07:25 Asia/Shanghai] 支付网关原始响应: {"code":0,"message":"下单失败,请重新下单","data":null}
[17-Nov-2025 22:07:25 Asia/Shanghai] 支付网关解析后响应: {"code":0,"message":"下单失败,请重新下单","data":null}
[17-Nov-2025 22:07:25 Asia/Shanghai] 支付网关返回失败: 下单失败,请重新下单
[17-Nov-2025 22:07:25 Asia/Shanghai] 支付网关调用失败 [订单:RCH202511172207228670]: 下单失败,请重新下单
[17-Nov-2025 22:07:27 Asia/Shanghai] 支付网关请求参数: {"merchantCode":"M1763172182","channelType":"S02","merchantOrderNo":"RCH202511172207274816","amount":"111.00","notifyUrl":"https:\/\/apis.copla.top\/index.php\/pay\/notify","returnUrl":"https:\/\/copla.top\/recharge.html","ip":"2406:2d40:6359:110:91b7:2ad3:5b84:4487","title":"充值订单","describe":"用户充值"}
[17-Nov-2025 22:07:27 Asia/Shanghai] 支付网关签名字符串: amount=111.00&channelType=S02&describe=用户充值&ip=2406:2d40:6359:110:91b7:2ad3:5b84:4487&merchantCode=M1763172182&merchantOrderNo=RCH202511172207274816&notifyUrl=https://apis.copla.top/index.php/pay/notify&returnUrl=https://copla.top/recharge.html&title=充值订单&key=3e4cbfb35a35787ccc98bd13027b4a02
[17-Nov-2025 22:07:27 Asia/Shanghai] 支付网关生成签名: 0d65289f1cbb1094607f16af65bba403
[17-Nov-2025 22:07:27 Asia/Shanghai] 支付网关签名后参数: {"merchantCode":"M1763172182","channelType":"S02","merchantOrderNo":"RCH202511172207274816","amount":"111.00","notifyUrl":"https:\/\/apis.copla.top\/index.php\/pay\/notify","returnUrl":"https:\/\/copla.top\/recharge.html","ip":"2406:2d40:6359:110:91b7:2ad3:5b84:4487","title":"充值订单","describe":"用户充值","sign":"0d65289f1cbb1094607f16af65bba403"}
[17-Nov-2025 22:07:27 Asia/Shanghai] 支付网关请求 [URL:https://sevenpay.lh.plus/api/pay/create]: {"merchantCode":"M1763172182","channelType":"S02","merchantOrderNo":"RCH202511172207274816","amount":"111.00","notifyUrl":"https:\/\/apis.copla.top\/index.php\/pay\/notify","returnUrl":"https:\/\/copla.top\/recharge.html","ip":"2406:2d40:6359:110:91b7:2ad3:5b84:4487","title":"充值订单","describe":"用户充值","sign":"0d65289f1cbb1094607f16af65bba403"}
[17-Nov-2025 22:07:27 Asia/Shanghai] 支付网关表单数据: merchantCode=M1763172182&channelType=S02&merchantOrderNo=RCH202511172207274816&amount=111.00&notifyUrl=https%3A%2F%2Fapis.copla.top%2Findex.php%2Fpay%2Fnotify&returnUrl=https%3A%2F%2Fcopla.top%2Frecharge.html&ip=2406%3A2d40%3A6359%3A110%3A91b7%3A2ad3%3A5b84%3A4487&title=%E5%85%85%E5%80%BC%E8%AE%A2%E5%8D%95&describe=%E7%94%A8%E6%88%B7%E5%85%85%E5%80%BC&sign=0d65289f1cbb1094607f16af65bba403
[17-Nov-2025 22:07:29 Asia/Shanghai] 支付网关原始响应: {"code":0,"message":"下单失败,请重新下单","data":null}
[17-Nov-2025 22:07:29 Asia/Shanghai] 支付网关解析后响应: {"code":0,"message":"下单失败,请重新下单","data":null}
[17-Nov-2025 22:07:29 Asia/Shanghai] 支付网关返回失败: 下单失败,请重新下单
[17-Nov-2025 22:07:29 Asia/Shanghai] 支付网关调用失败 [订单:RCH202511172207274816]: 下单失败,请重新下单
[17-Nov-2025 22:08:17 Asia/Shanghai] 支付网关请求参数: {"merchantCode":"M1763172182","channelType":"S02","merchantOrderNo":"RCH202511172208170315","amount":"111.00","notifyUrl":"https:\/\/apis.copla.top\/index.php\/pay\/notify","returnUrl":"https:\/\/copla.top\/recharge.html","ip":"2406:2d40:6359:110:91b7:2ad3:5b84:4487","title":"充值订单","describe":"用户充值"}
[17-Nov-2025 22:08:17 Asia/Shanghai] 支付网关签名字符串: amount=111.00&channelType=S02&describe=用户充值&ip=2406:2d40:6359:110:91b7:2ad3:5b84:4487&merchantCode=M1763172182&merchantOrderNo=RCH202511172208170315&notifyUrl=https://apis.copla.top/index.php/pay/notify&returnUrl=https://copla.top/recharge.html&title=充值订单&key=3e4cbfb35a35787ccc98bd13027b4a02
[17-Nov-2025 22:08:17 Asia/Shanghai] 支付网关生成签名: 44699cb6e0f05d094540e02585b6432b
[17-Nov-2025 22:08:17 Asia/Shanghai] 支付网关签名后参数: {"merchantCode":"M1763172182","channelType":"S02","merchantOrderNo":"RCH202511172208170315","amount":"111.00","notifyUrl":"https:\/\/apis.copla.top\/index.php\/pay\/notify","returnUrl":"https:\/\/copla.top\/recharge.html","ip":"2406:2d40:6359:110:91b7:2ad3:5b84:4487","title":"充值订单","describe":"用户充值","sign":"44699cb6e0f05d094540e02585b6432b"}
[17-Nov-2025 22:08:17 Asia/Shanghai] 支付网关请求 [URL:https://sevenpay.lh.plus/api/pay/create]: {"merchantCode":"M1763172182","channelType":"S02","merchantOrderNo":"RCH202511172208170315","amount":"111.00","notifyUrl":"https:\/\/apis.copla.top\/index.php\/pay\/notify","returnUrl":"https:\/\/copla.top\/recharge.html","ip":"2406:2d40:6359:110:91b7:2ad3:5b84:4487","title":"充值订单","describe":"用户充值","sign":"44699cb6e0f05d094540e02585b6432b"}
[17-Nov-2025 22:08:17 Asia/Shanghai] 支付网关表单数据: merchantCode=M1763172182&channelType=S02&merchantOrderNo=RCH202511172208170315&amount=111.00&notifyUrl=https%3A%2F%2Fapis.copla.top%2Findex.php%2Fpay%2Fnotify&returnUrl=https%3A%2F%2Fcopla.top%2Frecharge.html&ip=2406%3A2d40%3A6359%3A110%3A91b7%3A2ad3%3A5b84%3A4487&title=%E5%85%85%E5%80%BC%E8%AE%A2%E5%8D%95&describe=%E7%94%A8%E6%88%B7%E5%85%85%E5%80%BC&sign=44699cb6e0f05d094540e02585b6432b
[17-Nov-2025 22:08:19 Asia/Shanghai] 支付网关原始响应: {"code":0,"message":"下单失败,请重新下单","data":null}
[17-Nov-2025 22:08:19 Asia/Shanghai] 支付网关解析后响应: {"code":0,"message":"下单失败,请重新下单","data":null}
[17-Nov-2025 22:08:19 Asia/Shanghai] 支付网关返回失败: 下单失败,请重新下单
[17-Nov-2025 22:08:19 Asia/Shanghai] 支付网关调用失败 [订单:RCH202511172208170315]: 下单失败,请重新下单
[17-Nov-2025 22:08:25 Asia/Shanghai] 支付网关请求参数: {"merchantCode":"M1763172182","channelType":"S01","merchantOrderNo":"RCH202511172208254364","amount":"111.00","notifyUrl":"https:\/\/apis.copla.top\/index.php\/pay\/notify","returnUrl":"https:\/\/copla.top\/recharge.html","ip":"2406:2d40:6359:110:91b7:2ad3:5b84:4487","title":"充值订单","describe":"用户充值"}
[17-Nov-2025 22:08:25 Asia/Shanghai] 支付网关签名字符串: amount=111.00&channelType=S01&describe=用户充值&ip=2406:2d40:6359:110:91b7:2ad3:5b84:4487&merchantCode=M1763172182&merchantOrderNo=RCH202511172208254364&notifyUrl=https://apis.copla.top/index.php/pay/notify&returnUrl=https://copla.top/recharge.html&title=充值订单&key=3e4cbfb35a35787ccc98bd13027b4a02
[17-Nov-2025 22:08:25 Asia/Shanghai] 支付网关生成签名: 7b640530e2adff11eea52f8944a77a61
[17-Nov-2025 22:08:25 Asia/Shanghai] 支付网关签名后参数: {"merchantCode":"M1763172182","channelType":"S01","merchantOrderNo":"RCH202511172208254364","amount":"111.00","notifyUrl":"https:\/\/apis.copla.top\/index.php\/pay\/notify","returnUrl":"https:\/\/copla.top\/recharge.html","ip":"2406:2d40:6359:110:91b7:2ad3:5b84:4487","title":"充值订单","describe":"用户充值","sign":"7b640530e2adff11eea52f8944a77a61"}
[17-Nov-2025 22:08:25 Asia/Shanghai] 支付网关请求 [URL:https://sevenpay.lh.plus/api/pay/create]: {"merchantCode":"M1763172182","channelType":"S01","merchantOrderNo":"RCH202511172208254364","amount":"111.00","notifyUrl":"https:\/\/apis.copla.top\/index.php\/pay\/notify","returnUrl":"https:\/\/copla.top\/recharge.html","ip":"2406:2d40:6359:110:91b7:2ad3:5b84:4487","title":"充值订单","describe":"用户充值","sign":"7b640530e2adff11eea52f8944a77a61"}
[17-Nov-2025 22:08:25 Asia/Shanghai] 支付网关表单数据: merchantCode=M1763172182&channelType=S01&merchantOrderNo=RCH202511172208254364&amount=111.00&notifyUrl=https%3A%2F%2Fapis.copla.top%2Findex.php%2Fpay%2Fnotify&returnUrl=https%3A%2F%2Fcopla.top%2Frecharge.html&ip=2406%3A2d40%3A6359%3A110%3A91b7%3A2ad3%3A5b84%3A4487&title=%E5%85%85%E5%80%BC%E8%AE%A2%E5%8D%95&describe=%E7%94%A8%E6%88%B7%E5%85%85%E5%80%BC&sign=7b640530e2adff11eea52f8944a77a61
[17-Nov-2025 22:08:30 Asia/Shanghai] 支付网关原始响应: {"code":0,"message":"下单失败,请重新下单","data":null}
[17-Nov-2025 22:08:30 Asia/Shanghai] 支付网关解析后响应: {"code":0,"message":"下单失败,请重新下单","data":null}
[17-Nov-2025 22:08:30 Asia/Shanghai] 支付网关返回失败: 下单失败,请重新下单
[17-Nov-2025 22:08:30 Asia/Shanghai] 支付网关调用失败 [订单:RCH202511172208254364]: 下单失败,请重新下单
[17-Nov-2025 22:12:37 Asia/Shanghai] 检测到IPv6地址，已转换为IPv4: 72.60.234.87
[17-Nov-2025 22:12:37 Asia/Shanghai] 支付网关请求参数: {"merchantCode":"M1763172182","channelType":"S01","merchantOrderNo":"RCH202511172212375877","amount":"111.00","notifyUrl":"https:\/\/apis.copla.top\/index.php\/pay\/notify","returnUrl":"https:\/\/copla.top\/recharge.html","ip":"72.60.234.87","title":"充值订单","describe":"用户充值"}
[17-Nov-2025 22:12:37 Asia/Shanghai] 支付网关签名字符串: amount=111.00&channelType=S01&describe=用户充值&ip=72.60.234.87&merchantCode=M1763172182&merchantOrderNo=RCH202511172212375877&notifyUrl=https://apis.copla.top/index.php/pay/notify&returnUrl=https://copla.top/recharge.html&title=充值订单&key=3e4cbfb35a35787ccc98bd13027b4a02
[17-Nov-2025 22:12:37 Asia/Shanghai] 支付网关生成签名: 217e5df855e176ff76f5a67ec7cfe35b
[17-Nov-2025 22:12:37 Asia/Shanghai] 支付网关签名后参数: {"merchantCode":"M1763172182","channelType":"S01","merchantOrderNo":"RCH202511172212375877","amount":"111.00","notifyUrl":"https:\/\/apis.copla.top\/index.php\/pay\/notify","returnUrl":"https:\/\/copla.top\/recharge.html","ip":"72.60.234.87","title":"充值订单","describe":"用户充值","sign":"217e5df855e176ff76f5a67ec7cfe35b"}
[17-Nov-2025 22:12:37 Asia/Shanghai] 支付网关请求 [URL:https://sevenpay.lh.plus/api/pay/create]: {"merchantCode":"M1763172182","channelType":"S01","merchantOrderNo":"RCH202511172212375877","amount":"111.00","notifyUrl":"https:\/\/apis.copla.top\/index.php\/pay\/notify","returnUrl":"https:\/\/copla.top\/recharge.html","ip":"72.60.234.87","title":"充值订单","describe":"用户充值","sign":"217e5df855e176ff76f5a67ec7cfe35b"}
[17-Nov-2025 22:12:37 Asia/Shanghai] 支付网关表单数据: merchantCode=M1763172182&channelType=S01&merchantOrderNo=RCH202511172212375877&amount=111.00&notifyUrl=https%3A%2F%2Fapis.copla.top%2Findex.php%2Fpay%2Fnotify&returnUrl=https%3A%2F%2Fcopla.top%2Frecharge.html&ip=72.60.234.87&title=%E5%85%85%E5%80%BC%E8%AE%A2%E5%8D%95&describe=%E7%94%A8%E6%88%B7%E5%85%85%E5%80%BC&sign=217e5df855e176ff76f5a67ec7cfe35b
[17-Nov-2025 22:12:39 Asia/Shanghai] 支付网关原始响应: {"code":0,"message":"下单失败,请重新下单","data":null}
[17-Nov-2025 22:12:39 Asia/Shanghai] 支付网关解析后响应: {"code":0,"message":"下单失败,请重新下单","data":null}
[17-Nov-2025 22:12:39 Asia/Shanghai] 支付网关返回失败: 下单失败,请重新下单
[17-Nov-2025 22:12:39 Asia/Shanghai] 支付网关调用失败 [订单:RCH202511172212375877]: 下单失败,请重新下单
[17-Nov-2025 22:27:45 Asia/Shanghai] 检测到IPv6地址，已转换为IPv4: 72.60.234.87
[17-Nov-2025 22:27:45 Asia/Shanghai] 支付网关请求参数: {"merchantCode":"M1763172182","channelType":"S02","merchantOrderNo":"RCH202511172227456673","amount":"111.00","notifyUrl":"https:\/\/apis.copla.top\/index.php\/pay\/notify","returnUrl":"https:\/\/copla.top\/recharge.html","ip":"72.60.234.87","title":"充值订单","describe":"用户充值"}
[17-Nov-2025 22:27:45 Asia/Shanghai] 支付网关签名字符串: amount=111.00&channelType=S02&describe=用户充值&ip=72.60.234.87&merchantCode=M1763172182&merchantOrderNo=RCH202511172227456673&notifyUrl=https://apis.copla.top/index.php/pay/notify&returnUrl=https://copla.top/recharge.html&title=充值订单&key=3e4cbfb35a35787ccc98bd13027b4a02
[17-Nov-2025 22:27:45 Asia/Shanghai] 支付网关生成签名: 276158950fcc1fc7f6212c09a99ec39d
[17-Nov-2025 22:27:45 Asia/Shanghai] 支付网关签名后参数: {"merchantCode":"M1763172182","channelType":"S02","merchantOrderNo":"RCH202511172227456673","amount":"111.00","notifyUrl":"https:\/\/apis.copla.top\/index.php\/pay\/notify","returnUrl":"https:\/\/copla.top\/recharge.html","ip":"72.60.234.87","title":"充值订单","describe":"用户充值","sign":"276158950fcc1fc7f6212c09a99ec39d"}
[17-Nov-2025 22:27:45 Asia/Shanghai] 支付网关请求 [URL:https://sevenpay.lh.plus/api/pay/create]: {"merchantCode":"M1763172182","channelType":"S02","merchantOrderNo":"RCH202511172227456673","amount":"111.00","notifyUrl":"https:\/\/apis.copla.top\/index.php\/pay\/notify","returnUrl":"https:\/\/copla.top\/recharge.html","ip":"72.60.234.87","title":"充值订单","describe":"用户充值","sign":"276158950fcc1fc7f6212c09a99ec39d"}
[17-Nov-2025 22:27:45 Asia/Shanghai] 支付网关表单数据: merchantCode=M1763172182&channelType=S02&merchantOrderNo=RCH202511172227456673&amount=111.00&notifyUrl=https%3A%2F%2Fapis.copla.top%2Findex.php%2Fpay%2Fnotify&returnUrl=https%3A%2F%2Fcopla.top%2Frecharge.html&ip=72.60.234.87&title=%E5%85%85%E5%80%BC%E8%AE%A2%E5%8D%95&describe=%E7%94%A8%E6%88%B7%E5%85%85%E5%80%BC&sign=276158950fcc1fc7f6212c09a99ec39d
[17-Nov-2025 22:27:49 Asia/Shanghai] 支付网关原始响应: {"code":0,"message":"下单失败,请重新下单","data":null}
[17-Nov-2025 22:27:49 Asia/Shanghai] 支付网关解析后响应: {"code":0,"message":"下单失败,请重新下单","data":null}
[17-Nov-2025 22:27:49 Asia/Shanghai] 支付网关返回失败: 下单失败,请重新下单
[17-Nov-2025 22:27:49 Asia/Shanghai] 支付网关调用失败 [订单:RCH202511172227456673]: 下单失败,请重新下单
[17-Nov-2025 22:28:03 Asia/Shanghai] 检测到IPv6地址，已转换为IPv4: 72.60.234.87
[17-Nov-2025 22:28:03 Asia/Shanghai] 支付网关请求参数: {"merchantCode":"M1763172182","channelType":"S02","merchantOrderNo":"RCH202511172228030298","amount":"111.00","notifyUrl":"https:\/\/apis.copla.top\/index.php\/pay\/notify","returnUrl":"https:\/\/copla.top\/recharge.html","ip":"72.60.234.87","title":"充值订单","describe":"用户充值"}
[17-Nov-2025 22:28:03 Asia/Shanghai] 支付网关签名字符串: amount=111.00&channelType=S02&describe=用户充值&ip=72.60.234.87&merchantCode=M1763172182&merchantOrderNo=RCH202511172228030298&notifyUrl=https://apis.copla.top/index.php/pay/notify&returnUrl=https://copla.top/recharge.html&title=充值订单&key=3e4cbfb35a35787ccc98bd13027b4a02
[17-Nov-2025 22:28:03 Asia/Shanghai] 支付网关生成签名: e93703eded6f5cd39577ac59d8f2e269
[17-Nov-2025 22:28:03 Asia/Shanghai] 支付网关签名后参数: {"merchantCode":"M1763172182","channelType":"S02","merchantOrderNo":"RCH202511172228030298","amount":"111.00","notifyUrl":"https:\/\/apis.copla.top\/index.php\/pay\/notify","returnUrl":"https:\/\/copla.top\/recharge.html","ip":"72.60.234.87","title":"充值订单","describe":"用户充值","sign":"e93703eded6f5cd39577ac59d8f2e269"}
[17-Nov-2025 22:28:03 Asia/Shanghai] 支付网关请求 [URL:https://sevenpay.lh.plus/api/pay/create]: {"merchantCode":"M1763172182","channelType":"S02","merchantOrderNo":"RCH202511172228030298","amount":"111.00","notifyUrl":"https:\/\/apis.copla.top\/index.php\/pay\/notify","returnUrl":"https:\/\/copla.top\/recharge.html","ip":"72.60.234.87","title":"充值订单","describe":"用户充值","sign":"e93703eded6f5cd39577ac59d8f2e269"}
[17-Nov-2025 22:28:03 Asia/Shanghai] 支付网关表单数据: merchantCode=M1763172182&channelType=S02&merchantOrderNo=RCH202511172228030298&amount=111.00&notifyUrl=https%3A%2F%2Fapis.copla.top%2Findex.php%2Fpay%2Fnotify&returnUrl=https%3A%2F%2Fcopla.top%2Frecharge.html&ip=72.60.234.87&title=%E5%85%85%E5%80%BC%E8%AE%A2%E5%8D%95&describe=%E7%94%A8%E6%88%B7%E5%85%85%E5%80%BC&sign=e93703eded6f5cd39577ac59d8f2e269
[17-Nov-2025 22:28:05 Asia/Shanghai] 支付网关原始响应: {"code":0,"message":"下单失败,请重新下单","data":null}
[17-Nov-2025 22:28:05 Asia/Shanghai] 支付网关解析后响应: {"code":0,"message":"下单失败,请重新下单","data":null}
[17-Nov-2025 22:28:05 Asia/Shanghai] 支付网关返回失败: 下单失败,请重新下单
[17-Nov-2025 22:28:05 Asia/Shanghai] 支付网关调用失败 [订单:RCH202511172228030298]: 下单失败,请重新下单
[17-Nov-2025 22:28:24 Asia/Shanghai] 检测到IPv6地址，已转换为IPv4: 72.60.234.87
[17-Nov-2025 22:28:24 Asia/Shanghai] 支付网关请求参数: {"merchantCode":"M1763172182","channelType":"S02","merchantOrderNo":"RCH202511172228240078","amount":"1111.00","notifyUrl":"https:\/\/apis.copla.top\/index.php\/pay\/notify","returnUrl":"https:\/\/copla.top\/recharge.html","ip":"72.60.234.87","title":"充值订单","describe":"用户充值"}
[17-Nov-2025 22:28:24 Asia/Shanghai] 支付网关签名字符串: amount=1111.00&channelType=S02&describe=用户充值&ip=72.60.234.87&merchantCode=M1763172182&merchantOrderNo=RCH202511172228240078&notifyUrl=https://apis.copla.top/index.php/pay/notify&returnUrl=https://copla.top/recharge.html&title=充值订单&key=3e4cbfb35a35787ccc98bd13027b4a02
[17-Nov-2025 22:28:24 Asia/Shanghai] 支付网关生成签名: a6844952d94040548978b3feaeb89890
[17-Nov-2025 22:28:24 Asia/Shanghai] 支付网关签名后参数: {"merchantCode":"M1763172182","channelType":"S02","merchantOrderNo":"RCH202511172228240078","amount":"1111.00","notifyUrl":"https:\/\/apis.copla.top\/index.php\/pay\/notify","returnUrl":"https:\/\/copla.top\/recharge.html","ip":"72.60.234.87","title":"充值订单","describe":"用户充值","sign":"a6844952d94040548978b3feaeb89890"}
[17-Nov-2025 22:28:24 Asia/Shanghai] 支付网关请求 [URL:https://sevenpay.lh.plus/api/pay/create]: {"merchantCode":"M1763172182","channelType":"S02","merchantOrderNo":"RCH202511172228240078","amount":"1111.00","notifyUrl":"https:\/\/apis.copla.top\/index.php\/pay\/notify","returnUrl":"https:\/\/copla.top\/recharge.html","ip":"72.60.234.87","title":"充值订单","describe":"用户充值","sign":"a6844952d94040548978b3feaeb89890"}
[17-Nov-2025 22:28:24 Asia/Shanghai] 支付网关表单数据: merchantCode=M1763172182&channelType=S02&merchantOrderNo=RCH202511172228240078&amount=1111.00&notifyUrl=https%3A%2F%2Fapis.copla.top%2Findex.php%2Fpay%2Fnotify&returnUrl=https%3A%2F%2Fcopla.top%2Frecharge.html&ip=72.60.234.87&title=%E5%85%85%E5%80%BC%E8%AE%A2%E5%8D%95&describe=%E7%94%A8%E6%88%B7%E5%85%85%E5%80%BC&sign=a6844952d94040548978b3feaeb89890
[17-Nov-2025 22:28:27 Asia/Shanghai] 支付网关原始响应: {"code":0,"message":"下单失败,请重新下单","data":null}
[17-Nov-2025 22:28:27 Asia/Shanghai] 支付网关解析后响应: {"code":0,"message":"下单失败,请重新下单","data":null}
[17-Nov-2025 22:28:27 Asia/Shanghai] 支付网关返回失败: 下单失败,请重新下单
[17-Nov-2025 22:28:27 Asia/Shanghai] 支付网关调用失败 [订单:RCH202511172228240078]: 下单失败,请重新下单
[17-Nov-2025 22:32:32 Asia/Shanghai] PHP Warning:  require_once(/www/wwwroot/copla/providence-admin/api/user/../bootstrap.php): Failed to open stream: No such file or directory in /www/wwwroot/copla/providence-admin/api/user/ribao-transfer-in.php on line 12
[17-Nov-2025 22:32:32 Asia/Shanghai] PHP Fatal error:  Uncaught Error: Failed opening required '/www/wwwroot/copla/providence-admin/api/user/../bootstrap.php' (include_path='.:/www/server/php/82/lib/php') in /www/wwwroot/copla/providence-admin/api/user/ribao-transfer-in.php:12
Stack trace:
#0 /www/wwwroot/copla/providence-admin/api/index.php(169): require()
#1 {main}
  thrown in /www/wwwroot/copla/providence-admin/api/user/ribao-transfer-in.php on line 12
[17-Nov-2025 22:32:53 Asia/Shanghai] PHP Warning:  require_once(/www/wwwroot/copla/providence-admin/api/user/../bootstrap.php): Failed to open stream: No such file or directory in /www/wwwroot/copla/providence-admin/api/user/ribao-transfer-in.php on line 12
[17-Nov-2025 22:32:53 Asia/Shanghai] PHP Fatal error:  Uncaught Error: Failed opening required '/www/wwwroot/copla/providence-admin/api/user/../bootstrap.php' (include_path='.:/www/server/php/82/lib/php') in /www/wwwroot/copla/providence-admin/api/user/ribao-transfer-in.php:12
Stack trace:
#0 /www/wwwroot/copla/providence-admin/api/index.php(169): require()
#1 {main}
  thrown in /www/wwwroot/copla/providence-admin/api/user/ribao-transfer-in.php on line 12
[17-Nov-2025 22:34:19 Asia/Shanghai] 支付回调通知: {"time":"2025-11-17 22:34:19","ip":"172.70.188.148","method":"GET","raw_data":"","get":[],"post":[]}
[17-Nov-2025 22:35:34 Asia/Shanghai] 支付回调通知: {"time":"2025-11-17 22:35:34","ip":"172.70.188.148","method":"GET","content_type":"","raw_data":"","raw_data_length":0,"get":[],"post":[],"headers":{"Host":"apis.copla.top","Connection":"Keep-Alive","X-Forwarded-Proto":"https","Cf-Visitor":"{\"scheme\":\"https\"}","Cf-Ipcountry":"MM","Cf-Connecting-Ip":"2406:2d40:6359:110:91b7:2ad3:5b84:4487","Cdn-Loop":"cloudflare; loops=1","Sec-Fetch-Mode":"navigate","Sec-Fetch-Site":"none","Accept":"text\/html,application\/xhtml+xml,application\/xml;q=0.9,image\/avif,image\/webp,image\/apng,*\/*;q=0.8,application\/signed-exchange;v=b3;q=0.7","User-Agent":"Mozilla\/5.0 (Macintosh; Intel Mac OS X 10_15_7) AppleWebKit\/537.36 (KHTML, like Gecko) Chrome\/142.0.0.0 Safari\/537.36","Upgrade-Insecure-Requests":"1","Dnt":"1","Sec-Ch-Ua-Platform":"\"macOS\"","Sec-Ch-Ua-Mobile":"?0","Sec-Ch-Ua":"\"Chromium\";v=\"142\", \"Google Chrome\";v=\"142\", \"Not_A Brand\";v=\"99\"","Cache-Control":"max-age=0","Accept-Encoding":"gzip, br","Cf-Ray":"99fff4934bc987b1-SIN","Accept-Language":"zh-CN,zh;q=0.9","Priority":"u=0, i","Sec-Fetch-Dest":"document","Sec-Fetch-User":"?1","X-Forwarded-For":"2406:2d40:6359:110:91b7:2ad3:5b84:4487","Content-Length":"","Content-Type":""}}
[17-Nov-2025 22:35:34 Asia/Shanghai] 支付回调：收到GET请求，可能是测试回调地址
[17-Nov-2025 22:35:46 Asia/Shanghai] 检测到IPv6地址，已转换为IPv4: 72.60.234.87
[17-Nov-2025 22:35:46 Asia/Shanghai] 支付网关请求参数: {"merchantCode":"M1763172182","channelType":"S02","merchantOrderNo":"RCH202511172235468233","amount":"1111.00","notifyUrl":"https:\/\/apis.copla.top\/index.php\/pay\/notify","returnUrl":"https:\/\/copla.top\/recharge.html","ip":"72.60.234.87","title":"充值订单","describe":"用户充值"}
[17-Nov-2025 22:35:46 Asia/Shanghai] 支付网关签名字符串: amount=1111.00&channelType=S02&describe=用户充值&ip=72.60.234.87&merchantCode=M1763172182&merchantOrderNo=RCH202511172235468233&notifyUrl=https://apis.copla.top/index.php/pay/notify&returnUrl=https://copla.top/recharge.html&title=充值订单&key=3e4cbfb35a35787ccc98bd13027b4a02
[17-Nov-2025 22:35:46 Asia/Shanghai] 支付网关生成签名: 2118e845a36240f9e69c6abfa5353b65
[17-Nov-2025 22:35:46 Asia/Shanghai] 支付网关签名后参数: {"merchantCode":"M1763172182","channelType":"S02","merchantOrderNo":"RCH202511172235468233","amount":"1111.00","notifyUrl":"https:\/\/apis.copla.top\/index.php\/pay\/notify","returnUrl":"https:\/\/copla.top\/recharge.html","ip":"72.60.234.87","title":"充值订单","describe":"用户充值","sign":"2118e845a36240f9e69c6abfa5353b65"}
[17-Nov-2025 22:35:46 Asia/Shanghai] 支付网关请求 [URL:https://sevenpay.lh.plus/api/pay/create]: {"merchantCode":"M1763172182","channelType":"S02","merchantOrderNo":"RCH202511172235468233","amount":"1111.00","notifyUrl":"https:\/\/apis.copla.top\/index.php\/pay\/notify","returnUrl":"https:\/\/copla.top\/recharge.html","ip":"72.60.234.87","title":"充值订单","describe":"用户充值","sign":"2118e845a36240f9e69c6abfa5353b65"}
[17-Nov-2025 22:35:46 Asia/Shanghai] 支付网关表单数据: merchantCode=M1763172182&channelType=S02&merchantOrderNo=RCH202511172235468233&amount=1111.00&notifyUrl=https%3A%2F%2Fapis.copla.top%2Findex.php%2Fpay%2Fnotify&returnUrl=https%3A%2F%2Fcopla.top%2Frecharge.html&ip=72.60.234.87&title=%E5%85%85%E5%80%BC%E8%AE%A2%E5%8D%95&describe=%E7%94%A8%E6%88%B7%E5%85%85%E5%80%BC&sign=2118e845a36240f9e69c6abfa5353b65
[17-Nov-2025 22:35:50 Asia/Shanghai] 支付网关原始响应: {"code":0,"message":"下单失败,请重新下单","data":null}
[17-Nov-2025 22:35:50 Asia/Shanghai] 支付网关解析后响应: {"code":0,"message":"下单失败,请重新下单","data":null}
[17-Nov-2025 22:35:50 Asia/Shanghai] 支付网关返回失败: 下单失败,请重新下单
[17-Nov-2025 22:35:50 Asia/Shanghai] 支付网关调用失败 [订单:RCH202511172235468233]: 下单失败,请重新下单
[17-Nov-2025 22:36:04 Asia/Shanghai] 检测到IPv6地址，已转换为IPv4: 72.60.234.87
[17-Nov-2025 22:36:04 Asia/Shanghai] 支付网关请求参数: {"merchantCode":"M1763172182","channelType":"S01","merchantOrderNo":"RCH202511172236041090","amount":"1111.00","notifyUrl":"https:\/\/apis.copla.top\/index.php\/pay\/notify","returnUrl":"https:\/\/copla.top\/recharge.html","ip":"72.60.234.87","title":"充值订单","describe":"用户充值"}
[17-Nov-2025 22:36:04 Asia/Shanghai] 支付网关签名字符串: amount=1111.00&channelType=S01&describe=用户充值&ip=72.60.234.87&merchantCode=M1763172182&merchantOrderNo=RCH202511172236041090&notifyUrl=https://apis.copla.top/index.php/pay/notify&returnUrl=https://copla.top/recharge.html&title=充值订单&key=3e4cbfb35a35787ccc98bd13027b4a02
[17-Nov-2025 22:36:04 Asia/Shanghai] 支付网关生成签名: d8c3d3898feeb9d43134411be1a74db2
[17-Nov-2025 22:36:04 Asia/Shanghai] 支付网关签名后参数: {"merchantCode":"M1763172182","channelType":"S01","merchantOrderNo":"RCH202511172236041090","amount":"1111.00","notifyUrl":"https:\/\/apis.copla.top\/index.php\/pay\/notify","returnUrl":"https:\/\/copla.top\/recharge.html","ip":"72.60.234.87","title":"充值订单","describe":"用户充值","sign":"d8c3d3898feeb9d43134411be1a74db2"}
[17-Nov-2025 22:36:04 Asia/Shanghai] 支付网关请求 [URL:https://sevenpay.lh.plus/api/pay/create]: {"merchantCode":"M1763172182","channelType":"S01","merchantOrderNo":"RCH202511172236041090","amount":"1111.00","notifyUrl":"https:\/\/apis.copla.top\/index.php\/pay\/notify","returnUrl":"https:\/\/copla.top\/recharge.html","ip":"72.60.234.87","title":"充值订单","describe":"用户充值","sign":"d8c3d3898feeb9d43134411be1a74db2"}
[17-Nov-2025 22:36:04 Asia/Shanghai] 支付网关表单数据: merchantCode=M1763172182&channelType=S01&merchantOrderNo=RCH202511172236041090&amount=1111.00&notifyUrl=https%3A%2F%2Fapis.copla.top%2Findex.php%2Fpay%2Fnotify&returnUrl=https%3A%2F%2Fcopla.top%2Frecharge.html&ip=72.60.234.87&title=%E5%85%85%E5%80%BC%E8%AE%A2%E5%8D%95&describe=%E7%94%A8%E6%88%B7%E5%85%85%E5%80%BC&sign=d8c3d3898feeb9d43134411be1a74db2
[17-Nov-2025 22:36:05 Asia/Shanghai] 支付网关原始响应: {"code":1,"message":"下单成功","data":{"payUrl":"https:\/\/p5xbk.onepaycheckout.top\/pay\/l\/hxr81Nd8yaID4QROmdfezg?t=1763419265405&s=H8Wl6gLGjfE4l2H3sJRpGNvaZb8u7oGh1WJxspKzAkY","orderNo":"P17633901609074623215","expireTime":1763476560}}
[17-Nov-2025 22:36:05 Asia/Shanghai] 支付网关解析后响应: {"code":1,"message":"下单成功","data":{"payUrl":"https:\/\/p5xbk.onepaycheckout.top\/pay\/l\/hxr81Nd8yaID4QROmdfezg?t=1763419265405&s=H8Wl6gLGjfE4l2H3sJRpGNvaZb8u7oGh1WJxspKzAkY","orderNo":"P17633901609074623215","expireTime":1763476560}}
[17-Nov-2025 22:36:05 Asia/Shanghai] 支付网关返回 [订单:RCH202511172236041090]: {"code":1,"message":"下单成功","data":{"payUrl":"https:\/\/p5xbk.onepaycheckout.top\/pay\/l\/hxr81Nd8yaID4QROmdfezg?t=1763419265405&s=H8Wl6gLGjfE4l2H3sJRpGNvaZb8u7oGh1WJxspKzAkY","orderNo":"P17633901609074623215","expireTime":1763476560}}
[17-Nov-2025 22:36:05 Asia/Shanghai] SQL Error: SQLSTATE[42S22]: Column not found: 1054 Unknown column 'meta' in 'field list'
[17-Nov-2025 22:36:05 Asia/Shanghai] 创建支付订单错误 [用户:1]: 保存充值记录失败
[17-Nov-2025 22:37:40 Asia/Shanghai] SQL Error: SQLSTATE[42S22]: Column not found: 1054 Unknown column 'meta' in 'field list'
[17-Nov-2025 22:37:45 Asia/Shanghai] SQL Error: SQLSTATE[42S22]: Column not found: 1054 Unknown column 'meta' in 'field list'
[17-Nov-2025 22:37:47 Asia/Shanghai] SQL Error: SQLSTATE[42S22]: Column not found: 1054 Unknown column 'meta' in 'field list'
[17-Nov-2025 22:37:50 Asia/Shanghai] SQL Error: SQLSTATE[42S22]: Column not found: 1054 Unknown column 'meta' in 'field list'
[17-Nov-2025 22:37:55 Asia/Shanghai] SQL Error: SQLSTATE[42S22]: Column not found: 1054 Unknown column 'meta' in 'field list'
[17-Nov-2025 22:38:00 Asia/Shanghai] SQL Error: SQLSTATE[42S22]: Column not found: 1054 Unknown column 'meta' in 'field list'
[17-Nov-2025 22:38:05 Asia/Shanghai] SQL Error: SQLSTATE[42S22]: Column not found: 1054 Unknown column 'meta' in 'field list'
[17-Nov-2025 22:38:10 Asia/Shanghai] SQL Error: SQLSTATE[42S22]: Column not found: 1054 Unknown column 'meta' in 'field list'
[17-Nov-2025 22:38:15 Asia/Shanghai] SQL Error: SQLSTATE[42S22]: Column not found: 1054 Unknown column 'meta' in 'field list'
[17-Nov-2025 22:38:20 Asia/Shanghai] SQL Error: SQLSTATE[42S22]: Column not found: 1054 Unknown column 'meta' in 'field list'
[17-Nov-2025 22:38:25 Asia/Shanghai] SQL Error: SQLSTATE[42S22]: Column not found: 1054 Unknown column 'meta' in 'field list'
[17-Nov-2025 22:38:30 Asia/Shanghai] SQL Error: SQLSTATE[42S22]: Column not found: 1054 Unknown column 'meta' in 'field list'
[17-Nov-2025 22:38:35 Asia/Shanghai] SQL Error: SQLSTATE[42S22]: Column not found: 1054 Unknown column 'meta' in 'field list'
[17-Nov-2025 22:38:40 Asia/Shanghai] SQL Error: SQLSTATE[42S22]: Column not found: 1054 Unknown column 'meta' in 'field list'
[17-Nov-2025 22:38:45 Asia/Shanghai] SQL Error: SQLSTATE[42S22]: Column not found: 1054 Unknown column 'meta' in 'field list'
[17-Nov-2025 22:38:50 Asia/Shanghai] SQL Error: SQLSTATE[42S22]: Column not found: 1054 Unknown column 'meta' in 'field list'
[17-Nov-2025 22:38:55 Asia/Shanghai] SQL Error: SQLSTATE[42S22]: Column not found: 1054 Unknown column 'meta' in 'field list'
[17-Nov-2025 22:39:00 Asia/Shanghai] SQL Error: SQLSTATE[42S22]: Column not found: 1054 Unknown column 'meta' in 'field list'
[17-Nov-2025 22:39:06 Asia/Shanghai] SQL Error: SQLSTATE[42S22]: Column not found: 1054 Unknown column 'meta' in 'field list'
[17-Nov-2025 22:39:08 Asia/Shanghai] PHP Warning:  require_once(/www/wwwroot/copla/providence-admin/api/user/../bootstrap.php): Failed to open stream: No such file or directory in /www/wwwroot/copla/providence-admin/api/user/ribao-transfer-in.php on line 12
[17-Nov-2025 22:39:08 Asia/Shanghai] PHP Fatal error:  Uncaught Error: Failed opening required '/www/wwwroot/copla/providence-admin/api/user/../bootstrap.php' (include_path='.:/www/server/php/82/lib/php') in /www/wwwroot/copla/providence-admin/api/user/ribao-transfer-in.php:12
Stack trace:
#0 /www/wwwroot/copla/providence-admin/api/index.php(169): require()
#1 {main}
  thrown in /www/wwwroot/copla/providence-admin/api/user/ribao-transfer-in.php on line 12
[17-Nov-2025 22:39:11 Asia/Shanghai] SQL Error: SQLSTATE[42S22]: Column not found: 1054 Unknown column 'meta' in 'field list'
[17-Nov-2025 22:39:16 Asia/Shanghai] SQL Error: SQLSTATE[42S22]: Column not found: 1054 Unknown column 'meta' in 'field list'
[17-Nov-2025 22:39:31 Asia/Shanghai] 检测到IPv6地址，已转换为IPv4: 72.60.234.87
[17-Nov-2025 22:39:31 Asia/Shanghai] 支付网关请求参数: {"merchantCode":"M1763172182","channelType":"S02","merchantOrderNo":"RCH202511172239315081","amount":"1111.00","notifyUrl":"https:\/\/apis.copla.top\/index.php\/pay\/notify","returnUrl":"https:\/\/copla.top\/recharge.html","ip":"72.60.234.87","title":"充值订单","describe":"用户充值"}
[17-Nov-2025 22:39:31 Asia/Shanghai] 支付网关签名字符串: amount=1111.00&channelType=S02&describe=用户充值&ip=72.60.234.87&merchantCode=M1763172182&merchantOrderNo=RCH202511172239315081&notifyUrl=https://apis.copla.top/index.php/pay/notify&returnUrl=https://copla.top/recharge.html&title=充值订单&key=3e4cbfb35a35787ccc98bd13027b4a02
[17-Nov-2025 22:39:31 Asia/Shanghai] 支付网关生成签名: 52c31cbe22bdb13afee1dbd53c2d7da5
[17-Nov-2025 22:39:31 Asia/Shanghai] 支付网关签名后参数: {"merchantCode":"M1763172182","channelType":"S02","merchantOrderNo":"RCH202511172239315081","amount":"1111.00","notifyUrl":"https:\/\/apis.copla.top\/index.php\/pay\/notify","returnUrl":"https:\/\/copla.top\/recharge.html","ip":"72.60.234.87","title":"充值订单","describe":"用户充值","sign":"52c31cbe22bdb13afee1dbd53c2d7da5"}
[17-Nov-2025 22:39:31 Asia/Shanghai] 支付网关请求 [URL:https://sevenpay.lh.plus/api/pay/create]: {"merchantCode":"M1763172182","channelType":"S02","merchantOrderNo":"RCH202511172239315081","amount":"1111.00","notifyUrl":"https:\/\/apis.copla.top\/index.php\/pay\/notify","returnUrl":"https:\/\/copla.top\/recharge.html","ip":"72.60.234.87","title":"充值订单","describe":"用户充值","sign":"52c31cbe22bdb13afee1dbd53c2d7da5"}
[17-Nov-2025 22:39:31 Asia/Shanghai] 支付网关表单数据: merchantCode=M1763172182&channelType=S02&merchantOrderNo=RCH202511172239315081&amount=1111.00&notifyUrl=https%3A%2F%2Fapis.copla.top%2Findex.php%2Fpay%2Fnotify&returnUrl=https%3A%2F%2Fcopla.top%2Frecharge.html&ip=72.60.234.87&title=%E5%85%85%E5%80%BC%E8%AE%A2%E5%8D%95&describe=%E7%94%A8%E6%88%B7%E5%85%85%E5%80%BC&sign=52c31cbe22bdb13afee1dbd53c2d7da5
[17-Nov-2025 22:39:35 Asia/Shanghai] 支付网关原始响应: {"code":0,"message":"下单失败,请重新下单","data":null}
[17-Nov-2025 22:39:35 Asia/Shanghai] 支付网关解析后响应: {"code":0,"message":"下单失败,请重新下单","data":null}
[17-Nov-2025 22:39:35 Asia/Shanghai] 支付网关返回失败: 下单失败,请重新下单
[17-Nov-2025 22:39:35 Asia/Shanghai] 支付网关调用失败 [订单:RCH202511172239315081]: 下单失败,请重新下单
[17-Nov-2025 22:39:42 Asia/Shanghai] 检测到IPv6地址，已转换为IPv4: 72.60.234.87
[17-Nov-2025 22:39:42 Asia/Shanghai] 支付网关请求参数: {"merchantCode":"M1763172182","channelType":"S02","merchantOrderNo":"RCH202511172239428446","amount":"1111.00","notifyUrl":"https:\/\/apis.copla.top\/index.php\/pay\/notify","returnUrl":"https:\/\/copla.top\/recharge.html","ip":"72.60.234.87","title":"充值订单","describe":"用户充值"}
[17-Nov-2025 22:39:42 Asia/Shanghai] 支付网关签名字符串: amount=1111.00&channelType=S02&describe=用户充值&ip=72.60.234.87&merchantCode=M1763172182&merchantOrderNo=RCH202511172239428446&notifyUrl=https://apis.copla.top/index.php/pay/notify&returnUrl=https://copla.top/recharge.html&title=充值订单&key=3e4cbfb35a35787ccc98bd13027b4a02
[17-Nov-2025 22:39:42 Asia/Shanghai] 支付网关生成签名: 35e6c7c2fd6fa802db1155c0a639bc8a
[17-Nov-2025 22:39:42 Asia/Shanghai] 支付网关签名后参数: {"merchantCode":"M1763172182","channelType":"S02","merchantOrderNo":"RCH202511172239428446","amount":"1111.00","notifyUrl":"https:\/\/apis.copla.top\/index.php\/pay\/notify","returnUrl":"https:\/\/copla.top\/recharge.html","ip":"72.60.234.87","title":"充值订单","describe":"用户充值","sign":"35e6c7c2fd6fa802db1155c0a639bc8a"}
[17-Nov-2025 22:39:42 Asia/Shanghai] 支付网关请求 [URL:https://sevenpay.lh.plus/api/pay/create]: {"merchantCode":"M1763172182","channelType":"S02","merchantOrderNo":"RCH202511172239428446","amount":"1111.00","notifyUrl":"https:\/\/apis.copla.top\/index.php\/pay\/notify","returnUrl":"https:\/\/copla.top\/recharge.html","ip":"72.60.234.87","title":"充值订单","describe":"用户充值","sign":"35e6c7c2fd6fa802db1155c0a639bc8a"}
[17-Nov-2025 22:39:42 Asia/Shanghai] 支付网关表单数据: merchantCode=M1763172182&channelType=S02&merchantOrderNo=RCH202511172239428446&amount=1111.00&notifyUrl=https%3A%2F%2Fapis.copla.top%2Findex.php%2Fpay%2Fnotify&returnUrl=https%3A%2F%2Fcopla.top%2Frecharge.html&ip=72.60.234.87&title=%E5%85%85%E5%80%BC%E8%AE%A2%E5%8D%95&describe=%E7%94%A8%E6%88%B7%E5%85%85%E5%80%BC&sign=35e6c7c2fd6fa802db1155c0a639bc8a
[17-Nov-2025 22:39:45 Asia/Shanghai] 支付网关原始响应: {"code":0,"message":"下单失败,请重新下单","data":null}
[17-Nov-2025 22:39:45 Asia/Shanghai] 支付网关解析后响应: {"code":0,"message":"下单失败,请重新下单","data":null}
[17-Nov-2025 22:39:45 Asia/Shanghai] 支付网关返回失败: 下单失败,请重新下单
[17-Nov-2025 22:39:45 Asia/Shanghai] 支付网关调用失败 [订单:RCH202511172239428446]: 下单失败,请重新下单
[17-Nov-2025 22:43:47 Asia/Shanghai] 检测到IPv6地址，已转换为IPv4: 72.60.234.87
[17-Nov-2025 22:43:47 Asia/Shanghai] 支付网关请求参数: {"merchantCode":"M1763172182","channelType":"S02","merchantOrderNo":"RCH202511172243471687","amount":"111.00","notifyUrl":"https:\/\/apis.copla.top\/index.php\/pay\/notify","returnUrl":"https:\/\/copla.top\/recharge.html","ip":"72.60.234.87","title":"充值订单","describe":"用户充值"}
[17-Nov-2025 22:43:47 Asia/Shanghai] 支付网关签名字符串: amount=111.00&channelType=S02&describe=用户充值&ip=72.60.234.87&merchantCode=M1763172182&merchantOrderNo=RCH202511172243471687&notifyUrl=https://apis.copla.top/index.php/pay/notify&returnUrl=https://copla.top/recharge.html&title=充值订单&key=3e4cbfb35a35787ccc98bd13027b4a02
[17-Nov-2025 22:43:47 Asia/Shanghai] 支付网关生成签名: 0a0b400acd05b1ff3454b564b0b5c2a2
[17-Nov-2025 22:43:47 Asia/Shanghai] 支付网关签名后参数: {"merchantCode":"M1763172182","channelType":"S02","merchantOrderNo":"RCH202511172243471687","amount":"111.00","notifyUrl":"https:\/\/apis.copla.top\/index.php\/pay\/notify","returnUrl":"https:\/\/copla.top\/recharge.html","ip":"72.60.234.87","title":"充值订单","describe":"用户充值","sign":"0a0b400acd05b1ff3454b564b0b5c2a2"}
[17-Nov-2025 22:43:47 Asia/Shanghai] 支付网关请求 [URL:https://sevenpay.lh.plus/api/pay/create]: {"merchantCode":"M1763172182","channelType":"S02","merchantOrderNo":"RCH202511172243471687","amount":"111.00","notifyUrl":"https:\/\/apis.copla.top\/index.php\/pay\/notify","returnUrl":"https:\/\/copla.top\/recharge.html","ip":"72.60.234.87","title":"充值订单","describe":"用户充值","sign":"0a0b400acd05b1ff3454b564b0b5c2a2"}
[17-Nov-2025 22:43:47 Asia/Shanghai] 支付网关表单数据: merchantCode=M1763172182&channelType=S02&merchantOrderNo=RCH202511172243471687&amount=111.00&notifyUrl=https%3A%2F%2Fapis.copla.top%2Findex.php%2Fpay%2Fnotify&returnUrl=https%3A%2F%2Fcopla.top%2Frecharge.html&ip=72.60.234.87&title=%E5%85%85%E5%80%BC%E8%AE%A2%E5%8D%95&describe=%E7%94%A8%E6%88%B7%E5%85%85%E5%80%BC&sign=0a0b400acd05b1ff3454b564b0b5c2a2
[17-Nov-2025 22:43:49 Asia/Shanghai] 支付网关原始响应: {"code":0,"message":"下单失败,请重新下单","data":null}
[17-Nov-2025 22:43:49 Asia/Shanghai] 支付网关解析后响应: {"code":0,"message":"下单失败,请重新下单","data":null}
[17-Nov-2025 22:43:49 Asia/Shanghai] 支付网关返回失败: 下单失败,请重新下单
[17-Nov-2025 22:43:49 Asia/Shanghai] 支付网关调用失败 [订单:RCH202511172243471687]: 下单失败,请重新下单
[17-Nov-2025 22:44:12 Asia/Shanghai] 支付回调通知: {"time":"2025-11-17 22:44:12","ip":"172.70.188.148","method":"GET","content_type":"","raw_data":"","raw_data_length":0,"get":[],"post":[],"headers":{"Host":"apis.copla.top","Connection":"Keep-Alive","X-Forwarded-Proto":"https","Cf-Visitor":"{\"scheme\":\"https\"}","Cf-Ipcountry":"MM","Cf-Connecting-Ip":"2406:2d40:6359:110:91b7:2ad3:5b84:4487","Cdn-Loop":"cloudflare; loops=1","Sec-Fetch-Mode":"navigate","Sec-Fetch-Site":"none","Accept":"text\/html,application\/xhtml+xml,application\/xml;q=0.9,image\/avif,image\/webp,image\/apng,*\/*;q=0.8,application\/signed-exchange;v=b3;q=0.7","User-Agent":"Mozilla\/5.0 (Macintosh; Intel Mac OS X 10_15_7) AppleWebKit\/537.36 (KHTML, like Gecko) Chrome\/142.0.0.0 Safari\/537.36","Upgrade-Insecure-Requests":"1","Dnt":"1","Sec-Ch-Ua-Platform":"\"macOS\"","Sec-Ch-Ua-Mobile":"?0","Sec-Ch-Ua":"\"Chromium\";v=\"142\", \"Google Chrome\";v=\"142\", \"Not_A Brand\";v=\"99\"","Accept-Encoding":"gzip, br","Cf-Ray":"9a00013bdae387b1-SIN","Accept-Language":"zh-CN,zh;q=0.9","Priority":"u=0, i","Sec-Fetch-Dest":"document","Sec-Fetch-User":"?1","X-Forwarded-For":"2406:2d40:6359:110:91b7:2ad3:5b84:4487","Content-Length":"","Content-Type":""}}
[17-Nov-2025 22:44:12 Asia/Shanghai] 支付回调：收到GET请求，可能是测试回调地址
[17-Nov-2025 22:44:13 Asia/Shanghai] 支付回调通知: {"time":"2025-11-17 22:44:13","ip":"172.70.188.148","method":"GET","content_type":"","raw_data":"","raw_data_length":0,"get":[],"post":[],"headers":{"Host":"apis.copla.top","Connection":"Keep-Alive","X-Forwarded-Proto":"https","Cf-Visitor":"{\"scheme\":\"https\"}","Cf-Ipcountry":"MM","Cf-Connecting-Ip":"2406:2d40:6359:110:91b7:2ad3:5b84:4487","Cdn-Loop":"cloudflare; loops=1","Sec-Fetch-Mode":"navigate","Sec-Fetch-Site":"none","Accept":"text\/html,application\/xhtml+xml,application\/xml;q=0.9,image\/avif,image\/webp,image\/apng,*\/*;q=0.8,application\/signed-exchange;v=b3;q=0.7","User-Agent":"Mozilla\/5.0 (Macintosh; Intel Mac OS X 10_15_7) AppleWebKit\/537.36 (KHTML, like Gecko) Chrome\/142.0.0.0 Safari\/537.36","Upgrade-Insecure-Requests":"1","Dnt":"1","Sec-Ch-Ua-Platform":"\"macOS\"","Sec-Ch-Ua-Mobile":"?0","Sec-Ch-Ua":"\"Chromium\";v=\"142\", \"Google Chrome\";v=\"142\", \"Not_A Brand\";v=\"99\"","Cache-Control":"max-age=0","Accept-Encoding":"gzip, br","Cf-Ray":"9a000142bfa987b1-SIN","Accept-Language":"zh-CN,zh;q=0.9","Priority":"u=0, i","Sec-Fetch-Dest":"document","Sec-Fetch-User":"?1","X-Forwarded-For":"2406:2d40:6359:110:91b7:2ad3:5b84:4487","Content-Length":"","Content-Type":""}}
[17-Nov-2025 22:44:13 Asia/Shanghai] 支付回调：收到GET请求，可能是测试回调地址
[17-Nov-2025 22:45:26 Asia/Shanghai] 检测到IPv6地址，已转换为IPv4: 72.60.234.87
[17-Nov-2025 22:45:26 Asia/Shanghai] 支付网关请求参数: {"merchantCode":"M1763172182","channelType":"S02","merchantOrderNo":"RCH202511172245266524","amount":"111.00","notifyUrl":"https:\/\/apis.copla.top\/index.php\/pay\/notify","returnUrl":"https:\/\/copla.top\/recharge.html","ip":"72.60.234.87","title":"充值订单","describe":"用户充值"}
[17-Nov-2025 22:45:26 Asia/Shanghai] 支付网关签名字符串: amount=111.00&channelType=S02&describe=用户充值&ip=72.60.234.87&merchantCode=M1763172182&merchantOrderNo=RCH202511172245266524&notifyUrl=https://apis.copla.top/index.php/pay/notify&returnUrl=https://copla.top/recharge.html&title=充值订单&key=3e4cbfb35a35787ccc98bd13027b4a02
[17-Nov-2025 22:45:26 Asia/Shanghai] 支付网关生成签名: 1c01d2a2229c033d0401bfaa8e8c012f
[17-Nov-2025 22:45:26 Asia/Shanghai] 支付网关签名后参数: {"merchantCode":"M1763172182","channelType":"S02","merchantOrderNo":"RCH202511172245266524","amount":"111.00","notifyUrl":"https:\/\/apis.copla.top\/index.php\/pay\/notify","returnUrl":"https:\/\/copla.top\/recharge.html","ip":"72.60.234.87","title":"充值订单","describe":"用户充值","sign":"1c01d2a2229c033d0401bfaa8e8c012f"}
[17-Nov-2025 22:45:26 Asia/Shanghai] 支付网关请求 [URL:https://sevenpay.lh.plus/api/pay/create]: {"merchantCode":"M1763172182","channelType":"S02","merchantOrderNo":"RCH202511172245266524","amount":"111.00","notifyUrl":"https:\/\/apis.copla.top\/index.php\/pay\/notify","returnUrl":"https:\/\/copla.top\/recharge.html","ip":"72.60.234.87","title":"充值订单","describe":"用户充值","sign":"1c01d2a2229c033d0401bfaa8e8c012f"}
[17-Nov-2025 22:45:26 Asia/Shanghai] 支付网关表单数据: merchantCode=M1763172182&channelType=S02&merchantOrderNo=RCH202511172245266524&amount=111.00&notifyUrl=https%3A%2F%2Fapis.copla.top%2Findex.php%2Fpay%2Fnotify&returnUrl=https%3A%2F%2Fcopla.top%2Frecharge.html&ip=72.60.234.87&title=%E5%85%85%E5%80%BC%E8%AE%A2%E5%8D%95&describe=%E7%94%A8%E6%88%B7%E5%85%85%E5%80%BC&sign=1c01d2a2229c033d0401bfaa8e8c012f
[17-Nov-2025 22:45:26 Asia/Shanghai] 检测到IPv6地址，已转换为IPv4: 72.60.234.87
[17-Nov-2025 22:45:26 Asia/Shanghai] 支付网关请求参数: {"merchantCode":"M1763172182","channelType":"S02","merchantOrderNo":"RCH202511172245268095","amount":"111.00","notifyUrl":"https:\/\/apis.copla.top\/index.php\/pay\/notify","returnUrl":"https:\/\/copla.top\/recharge.html","ip":"72.60.234.87","title":"充值订单","describe":"用户充值"}
[17-Nov-2025 22:45:26 Asia/Shanghai] 支付网关签名字符串: amount=111.00&channelType=S02&describe=用户充值&ip=72.60.234.87&merchantCode=M1763172182&merchantOrderNo=RCH202511172245268095&notifyUrl=https://apis.copla.top/index.php/pay/notify&returnUrl=https://copla.top/recharge.html&title=充值订单&key=3e4cbfb35a35787ccc98bd13027b4a02
[17-Nov-2025 22:45:26 Asia/Shanghai] 支付网关生成签名: 0b954fc56b395ddd07ccc2980adc8732
[17-Nov-2025 22:45:26 Asia/Shanghai] 支付网关签名后参数: {"merchantCode":"M1763172182","channelType":"S02","merchantOrderNo":"RCH202511172245268095","amount":"111.00","notifyUrl":"https:\/\/apis.copla.top\/index.php\/pay\/notify","returnUrl":"https:\/\/copla.top\/recharge.html","ip":"72.60.234.87","title":"充值订单","describe":"用户充值","sign":"0b954fc56b395ddd07ccc2980adc8732"}
[17-Nov-2025 22:45:26 Asia/Shanghai] 支付网关请求 [URL:https://sevenpay.lh.plus/api/pay/create]: {"merchantCode":"M1763172182","channelType":"S02","merchantOrderNo":"RCH202511172245268095","amount":"111.00","notifyUrl":"https:\/\/apis.copla.top\/index.php\/pay\/notify","returnUrl":"https:\/\/copla.top\/recharge.html","ip":"72.60.234.87","title":"充值订单","describe":"用户充值","sign":"0b954fc56b395ddd07ccc2980adc8732"}
[17-Nov-2025 22:45:26 Asia/Shanghai] 支付网关表单数据: merchantCode=M1763172182&channelType=S02&merchantOrderNo=RCH202511172245268095&amount=111.00&notifyUrl=https%3A%2F%2Fapis.copla.top%2Findex.php%2Fpay%2Fnotify&returnUrl=https%3A%2F%2Fcopla.top%2Frecharge.html&ip=72.60.234.87&title=%E5%85%85%E5%80%BC%E8%AE%A2%E5%8D%95&describe=%E7%94%A8%E6%88%B7%E5%85%85%E5%80%BC&sign=0b954fc56b395ddd07ccc2980adc8732
[17-Nov-2025 22:45:29 Asia/Shanghai] 支付网关原始响应: {"code":0,"message":"下单失败,请重新下单","data":null}
[17-Nov-2025 22:45:29 Asia/Shanghai] 支付网关解析后响应: {"code":0,"message":"下单失败,请重新下单","data":null}
[17-Nov-2025 22:45:29 Asia/Shanghai] 支付网关返回失败: 下单失败,请重新下单
[17-Nov-2025 22:45:29 Asia/Shanghai] 支付网关调用失败 [订单:RCH202511172245266524]: 下单失败,请重新下单
[17-Nov-2025 22:45:29 Asia/Shanghai] 支付网关原始响应: {"code":0,"message":"下单失败,请重新下单","data":null}
[17-Nov-2025 22:45:29 Asia/Shanghai] 支付网关解析后响应: {"code":0,"message":"下单失败,请重新下单","data":null}
[17-Nov-2025 22:45:29 Asia/Shanghai] 支付网关返回失败: 下单失败,请重新下单
[17-Nov-2025 22:45:29 Asia/Shanghai] 支付网关调用失败 [订单:RCH202511172245268095]: 下单失败,请重新下单
[17-Nov-2025 22:45:36 Asia/Shanghai] 检测到IPv6地址，已转换为IPv4: 72.60.234.87
[17-Nov-2025 22:45:36 Asia/Shanghai] 支付网关请求参数: {"merchantCode":"M1763172182","channelType":"S02","merchantOrderNo":"RCH202511172245365857","amount":"1111.00","notifyUrl":"https:\/\/apis.copla.top\/index.php\/pay\/notify","returnUrl":"https:\/\/copla.top\/recharge.html","ip":"72.60.234.87","title":"充值订单","describe":"用户充值"}
[17-Nov-2025 22:45:36 Asia/Shanghai] 支付网关签名字符串: amount=1111.00&channelType=S02&describe=用户充值&ip=72.60.234.87&merchantCode=M1763172182&merchantOrderNo=RCH202511172245365857&notifyUrl=https://apis.copla.top/index.php/pay/notify&returnUrl=https://copla.top/recharge.html&title=充值订单&key=3e4cbfb35a35787ccc98bd13027b4a02
[17-Nov-2025 22:45:36 Asia/Shanghai] 支付网关生成签名: ca483d47709f56f13ff0d776c70535f5
[17-Nov-2025 22:45:36 Asia/Shanghai] 支付网关签名后参数: {"merchantCode":"M1763172182","channelType":"S02","merchantOrderNo":"RCH202511172245365857","amount":"1111.00","notifyUrl":"https:\/\/apis.copla.top\/index.php\/pay\/notify","returnUrl":"https:\/\/copla.top\/recharge.html","ip":"72.60.234.87","title":"充值订单","describe":"用户充值","sign":"ca483d47709f56f13ff0d776c70535f5"}
[17-Nov-2025 22:45:36 Asia/Shanghai] 支付网关请求 [URL:https://sevenpay.lh.plus/api/pay/create]: {"merchantCode":"M1763172182","channelType":"S02","merchantOrderNo":"RCH202511172245365857","amount":"1111.00","notifyUrl":"https:\/\/apis.copla.top\/index.php\/pay\/notify","returnUrl":"https:\/\/copla.top\/recharge.html","ip":"72.60.234.87","title":"充值订单","describe":"用户充值","sign":"ca483d47709f56f13ff0d776c70535f5"}
[17-Nov-2025 22:45:36 Asia/Shanghai] 支付网关表单数据: merchantCode=M1763172182&channelType=S02&merchantOrderNo=RCH202511172245365857&amount=1111.00&notifyUrl=https%3A%2F%2Fapis.copla.top%2Findex.php%2Fpay%2Fnotify&returnUrl=https%3A%2F%2Fcopla.top%2Frecharge.html&ip=72.60.234.87&title=%E5%85%85%E5%80%BC%E8%AE%A2%E5%8D%95&describe=%E7%94%A8%E6%88%B7%E5%85%85%E5%80%BC&sign=ca483d47709f56f13ff0d776c70535f5
[17-Nov-2025 22:45:40 Asia/Shanghai] 支付网关原始响应: {"code":0,"message":"下单失败,请重新下单","data":null}
[17-Nov-2025 22:45:40 Asia/Shanghai] 支付网关解析后响应: {"code":0,"message":"下单失败,请重新下单","data":null}
[17-Nov-2025 22:45:40 Asia/Shanghai] 支付网关返回失败: 下单失败,请重新下单
[17-Nov-2025 22:45:40 Asia/Shanghai] 支付网关调用失败 [订单:RCH202511172245365857]: 下单失败,请重新下单
[17-Nov-2025 22:49:16 Asia/Shanghai] PHP Warning:  require_once(/www/wwwroot/copla/providence-admin/api/user/../bootstrap.php): Failed to open stream: No such file or directory in /www/wwwroot/copla/providence-admin/api/user/ribao-transfer-in.php on line 12
[17-Nov-2025 22:49:16 Asia/Shanghai] PHP Fatal error:  Uncaught Error: Failed opening required '/www/wwwroot/copla/providence-admin/api/user/../bootstrap.php' (include_path='.:/www/server/php/82/lib/php') in /www/wwwroot/copla/providence-admin/api/user/ribao-transfer-in.php:12
Stack trace:
#0 /www/wwwroot/copla/providence-admin/api/index.php(169): require()
#1 {main}
  thrown in /www/wwwroot/copla/providence-admin/api/user/ribao-transfer-in.php on line 12
[17-Nov-2025 23:02:44 Asia/Shanghai] SQL Error: SQLSTATE[42S22]: Column not found: 1054 Unknown column 'meta' in 'field list'
[18-Nov-2025 00:58:44 Asia/Shanghai] PHP Warning:  require_once(/www/wwwroot/copla/providence-admin/api/user/../bootstrap.php): Failed to open stream: No such file or directory in /www/wwwroot/copla/providence-admin/api/user/ribao-transfer-in.php on line 12
[18-Nov-2025 00:58:44 Asia/Shanghai] PHP Fatal error:  Uncaught Error: Failed opening required '/www/wwwroot/copla/providence-admin/api/user/../bootstrap.php' (include_path='.:/www/server/php/82/lib/php') in /www/wwwroot/copla/providence-admin/api/user/ribao-transfer-in.php:12
Stack trace:
#0 /www/wwwroot/copla/providence-admin/api/index.php(170): require()
#1 {main}
  thrown in /www/wwwroot/copla/providence-admin/api/user/ribao-transfer-in.php on line 12
[18-Nov-2025 00:58:46 Asia/Shanghai] PHP Warning:  require_once(/www/wwwroot/copla/providence-admin/api/user/../bootstrap.php): Failed to open stream: No such file or directory in /www/wwwroot/copla/providence-admin/api/user/ribao-transfer-in.php on line 12
[18-Nov-2025 00:58:46 Asia/Shanghai] PHP Fatal error:  Uncaught Error: Failed opening required '/www/wwwroot/copla/providence-admin/api/user/../bootstrap.php' (include_path='.:/www/server/php/82/lib/php') in /www/wwwroot/copla/providence-admin/api/user/ribao-transfer-in.php:12
Stack trace:
#0 /www/wwwroot/copla/providence-admin/api/index.php(170): require()
#1 {main}
  thrown in /www/wwwroot/copla/providence-admin/api/user/ribao-transfer-in.php on line 12
[18-Nov-2025 00:58:46 Asia/Shanghai] PHP Warning:  require_once(/www/wwwroot/copla/providence-admin/api/user/../bootstrap.php): Failed to open stream: No such file or directory in /www/wwwroot/copla/providence-admin/api/user/ribao-transfer-in.php on line 12
[18-Nov-2025 00:58:46 Asia/Shanghai] PHP Fatal error:  Uncaught Error: Failed opening required '/www/wwwroot/copla/providence-admin/api/user/../bootstrap.php' (include_path='.:/www/server/php/82/lib/php') in /www/wwwroot/copla/providence-admin/api/user/ribao-transfer-in.php:12
Stack trace:
#0 /www/wwwroot/copla/providence-admin/api/index.php(170): require()
#1 {main}
  thrown in /www/wwwroot/copla/providence-admin/api/user/ribao-transfer-in.php on line 12
[18-Nov-2025 00:59:08 Asia/Shanghai] SQL Error: SQLSTATE[42S22]: Column not found: 1054 Unknown column 'meta' in 'field list'
[18-Nov-2025 00:59:12 Asia/Shanghai] 检测到IPv6地址，已转换为IPv4: 72.60.234.87
[18-Nov-2025 00:59:12 Asia/Shanghai] 支付网关请求参数: {"merchantCode":"M1763172182","channelType":"S02","merchantOrderNo":"RCH202511180059121010","amount":"111.00","notifyUrl":"https:\/\/apis.copla.top\/index.php\/pay\/notify","returnUrl":"https:\/\/copla.top\/recharge.html","ip":"72.60.234.87","title":"充值订单","describe":"用户充值"}
[18-Nov-2025 00:59:12 Asia/Shanghai] 支付网关签名字符串: amount=111.00&channelType=S02&describe=用户充值&ip=72.60.234.87&merchantCode=M1763172182&merchantOrderNo=RCH202511180059121010&notifyUrl=https://apis.copla.top/index.php/pay/notify&returnUrl=https://copla.top/recharge.html&title=充值订单&key=3e4cbfb35a35787ccc98bd13027b4a02
[18-Nov-2025 00:59:12 Asia/Shanghai] 支付网关生成签名: 143934be37db1f520a73ddf46650d008
[18-Nov-2025 00:59:12 Asia/Shanghai] 支付网关签名后参数: {"merchantCode":"M1763172182","channelType":"S02","merchantOrderNo":"RCH202511180059121010","amount":"111.00","notifyUrl":"https:\/\/apis.copla.top\/index.php\/pay\/notify","returnUrl":"https:\/\/copla.top\/recharge.html","ip":"72.60.234.87","title":"充值订单","describe":"用户充值","sign":"143934be37db1f520a73ddf46650d008"}
[18-Nov-2025 00:59:12 Asia/Shanghai] 支付网关请求 [URL:https://sevenpay.lh.plus/api/pay/create]: {"merchantCode":"M1763172182","channelType":"S02","merchantOrderNo":"RCH202511180059121010","amount":"111.00","notifyUrl":"https:\/\/apis.copla.top\/index.php\/pay\/notify","returnUrl":"https:\/\/copla.top\/recharge.html","ip":"72.60.234.87","title":"充值订单","describe":"用户充值","sign":"143934be37db1f520a73ddf46650d008"}
[18-Nov-2025 00:59:12 Asia/Shanghai] 支付网关表单数据: merchantCode=M1763172182&channelType=S02&merchantOrderNo=RCH202511180059121010&amount=111.00&notifyUrl=https%3A%2F%2Fapis.copla.top%2Findex.php%2Fpay%2Fnotify&returnUrl=https%3A%2F%2Fcopla.top%2Frecharge.html&ip=72.60.234.87&title=%E5%85%85%E5%80%BC%E8%AE%A2%E5%8D%95&describe=%E7%94%A8%E6%88%B7%E5%85%85%E5%80%BC&sign=143934be37db1f520a73ddf46650d008
[18-Nov-2025 00:59:15 Asia/Shanghai] 支付网关原始响应: {"code":0,"message":"下单失败,请重新下单","data":null}
[18-Nov-2025 00:59:15 Asia/Shanghai] 支付网关解析后响应: {"code":0,"message":"下单失败,请重新下单","data":null}
[18-Nov-2025 00:59:15 Asia/Shanghai] 支付网关返回失败: 下单失败,请重新下单
[18-Nov-2025 00:59:15 Asia/Shanghai] 支付网关调用失败 [订单:RCH202511180059121010]: 下单失败,请重新下单
[18-Nov-2025 00:59:31 Asia/Shanghai] 检测到IPv6地址，已转换为IPv4: 72.60.234.87
[18-Nov-2025 00:59:31 Asia/Shanghai] 支付网关请求参数: {"merchantCode":"M1763172182","channelType":"S01","merchantOrderNo":"RCH202511180059319631","amount":"111.00","notifyUrl":"https:\/\/apis.copla.top\/index.php\/pay\/notify","returnUrl":"https:\/\/copla.top\/recharge.html","ip":"72.60.234.87","title":"充值订单","describe":"用户充值"}
[18-Nov-2025 00:59:31 Asia/Shanghai] 支付网关签名字符串: amount=111.00&channelType=S01&describe=用户充值&ip=72.60.234.87&merchantCode=M1763172182&merchantOrderNo=RCH202511180059319631&notifyUrl=https://apis.copla.top/index.php/pay/notify&returnUrl=https://copla.top/recharge.html&title=充值订单&key=3e4cbfb35a35787ccc98bd13027b4a02
[18-Nov-2025 00:59:31 Asia/Shanghai] 支付网关生成签名: d4673aefa81d777e602aaabbdd5db633
[18-Nov-2025 00:59:31 Asia/Shanghai] 支付网关签名后参数: {"merchantCode":"M1763172182","channelType":"S01","merchantOrderNo":"RCH202511180059319631","amount":"111.00","notifyUrl":"https:\/\/apis.copla.top\/index.php\/pay\/notify","returnUrl":"https:\/\/copla.top\/recharge.html","ip":"72.60.234.87","title":"充值订单","describe":"用户充值","sign":"d4673aefa81d777e602aaabbdd5db633"}
[18-Nov-2025 00:59:31 Asia/Shanghai] 支付网关请求 [URL:https://sevenpay.lh.plus/api/pay/create]: {"merchantCode":"M1763172182","channelType":"S01","merchantOrderNo":"RCH202511180059319631","amount":"111.00","notifyUrl":"https:\/\/apis.copla.top\/index.php\/pay\/notify","returnUrl":"https:\/\/copla.top\/recharge.html","ip":"72.60.234.87","title":"充值订单","describe":"用户充值","sign":"d4673aefa81d777e602aaabbdd5db633"}
[18-Nov-2025 00:59:31 Asia/Shanghai] 支付网关表单数据: merchantCode=M1763172182&channelType=S01&merchantOrderNo=RCH202511180059319631&amount=111.00&notifyUrl=https%3A%2F%2Fapis.copla.top%2Findex.php%2Fpay%2Fnotify&returnUrl=https%3A%2F%2Fcopla.top%2Frecharge.html&ip=72.60.234.87&title=%E5%85%85%E5%80%BC%E8%AE%A2%E5%8D%95&describe=%E7%94%A8%E6%88%B7%E5%85%85%E5%80%BC&sign=d4673aefa81d777e602aaabbdd5db633
[18-Nov-2025 00:59:32 Asia/Shanghai] 支付网关原始响应: {"code":1,"message":"下单成功","data":{"payUrl":"https:\/\/open.alipay.hxgybu.cn\/cashier\/order\/2025111800593256629020487?t=30130986962803473","orderNo":"P17633987674928179275","expireTime":1763485167}}
[18-Nov-2025 00:59:32 Asia/Shanghai] 支付网关解析后响应: {"code":1,"message":"下单成功","data":{"payUrl":"https:\/\/open.alipay.hxgybu.cn\/cashier\/order\/2025111800593256629020487?t=30130986962803473","orderNo":"P17633987674928179275","expireTime":1763485167}}
[18-Nov-2025 00:59:32 Asia/Shanghai] 支付网关返回 [订单:RCH202511180059319631]: {"code":1,"message":"下单成功","data":{"payUrl":"https:\/\/open.alipay.hxgybu.cn\/cashier\/order\/2025111800593256629020487?t=30130986962803473","orderNo":"P17633987674928179275","expireTime":1763485167}}
[18-Nov-2025 00:59:32 Asia/Shanghai] SQL Error: SQLSTATE[42S22]: Column not found: 1054 Unknown column 'meta' in 'field list'
[18-Nov-2025 00:59:32 Asia/Shanghai] 创建支付订单错误 [用户:1]: 保存充值记录失败
[18-Nov-2025 00:59:44 Asia/Shanghai] PHP Warning:  require_once(/www/wwwroot/copla/providence-admin/api/user/../bootstrap.php): Failed to open stream: No such file or directory in /www/wwwroot/copla/providence-admin/api/user/ribao-transfer-in.php on line 12
[18-Nov-2025 00:59:44 Asia/Shanghai] PHP Fatal error:  Uncaught Error: Failed opening required '/www/wwwroot/copla/providence-admin/api/user/../bootstrap.php' (include_path='.:/www/server/php/82/lib/php') in /www/wwwroot/copla/providence-admin/api/user/ribao-transfer-in.php:12
Stack trace:
#0 /www/wwwroot/copla/providence-admin/api/index.php(170): require()
#1 {main}
  thrown in /www/wwwroot/copla/providence-admin/api/user/ribao-transfer-in.php on line 12
[18-Nov-2025 00:59:48 Asia/Shanghai] 支付订单创建失败：Token验证失败，Token: empty
[18-Nov-2025 01:00:42 Asia/Shanghai] PHP Warning:  require_once(/www/wwwroot/copla/providence-admin/api/user/../bootstrap.php): Failed to open stream: No such file or directory in /www/wwwroot/copla/providence-admin/api/user/ribao-transfer-in.php on line 12
[18-Nov-2025 01:00:42 Asia/Shanghai] PHP Fatal error:  Uncaught Error: Failed opening required '/www/wwwroot/copla/providence-admin/api/user/../bootstrap.php' (include_path='.:/www/server/php/82/lib/php') in /www/wwwroot/copla/providence-admin/api/user/ribao-transfer-in.php:12
Stack trace:
#0 /www/wwwroot/copla/providence-admin/api/index.php(170): require()
#1 {main}
  thrown in /www/wwwroot/copla/providence-admin/api/user/ribao-transfer-in.php on line 12
[18-Nov-2025 01:00:45 Asia/Shanghai] SQL Error: SQLSTATE[42S22]: Column not found: 1054 Unknown column 'meta' in 'field list'
[18-Nov-2025 01:02:57 Asia/Shanghai] SQL Error: SQLSTATE[42S22]: Column not found: 1054 Unknown column 'meta' in 'field list'
[18-Nov-2025 01:02:59 Asia/Shanghai] 支付订单回调地址: https://apis.copla.top/index.php/pay/notify
[18-Nov-2025 01:02:59 Asia/Shanghai] 检测到IPv6地址，已转换为IPv4: 72.60.234.87
[18-Nov-2025 01:02:59 Asia/Shanghai] 支付订单创建 [用户ID:1, 订单号:RCH202511180102593445, 金额:111, 通道:S02, 回调:https://apis.copla.top/index.php/pay/notify, 跳转:https://copla.top/recharge.html]
[18-Nov-2025 01:02:59 Asia/Shanghai] 支付网关请求参数: {"merchantCode":"M1763172182","channelType":"S02","merchantOrderNo":"RCH202511180102593445","amount":"111.00","notifyUrl":"https:\/\/apis.copla.top\/index.php\/pay\/notify","returnUrl":"https:\/\/copla.top\/recharge.html","ip":"72.60.234.87","title":"充值订单","describe":"用户充值"}
[18-Nov-2025 01:02:59 Asia/Shanghai] 支付网关签名字符串: amount=111.00&channelType=S02&describe=用户充值&ip=72.60.234.87&merchantCode=M1763172182&merchantOrderNo=RCH202511180102593445&notifyUrl=https://apis.copla.top/index.php/pay/notify&returnUrl=https://copla.top/recharge.html&title=充值订单&key=3e4cbfb35a35787ccc98bd13027b4a02
[18-Nov-2025 01:02:59 Asia/Shanghai] 支付网关生成签名: ac8a71b7d62fecc43ec21c016ea98116
[18-Nov-2025 01:02:59 Asia/Shanghai] 支付网关签名后参数: {"merchantCode":"M1763172182","channelType":"S02","merchantOrderNo":"RCH202511180102593445","amount":"111.00","notifyUrl":"https:\/\/apis.copla.top\/index.php\/pay\/notify","returnUrl":"https:\/\/copla.top\/recharge.html","ip":"72.60.234.87","title":"充值订单","describe":"用户充值","sign":"ac8a71b7d62fecc43ec21c016ea98116"}
[18-Nov-2025 01:02:59 Asia/Shanghai] 支付网关请求 [URL:https://sevenpay.lh.plus/api/pay/create]: {"merchantCode":"M1763172182","channelType":"S02","merchantOrderNo":"RCH202511180102593445","amount":"111.00","notifyUrl":"https:\/\/apis.copla.top\/index.php\/pay\/notify","returnUrl":"https:\/\/copla.top\/recharge.html","ip":"72.60.234.87","title":"充值订单","describe":"用户充值","sign":"ac8a71b7d62fecc43ec21c016ea98116"}
[18-Nov-2025 01:02:59 Asia/Shanghai] 支付网关表单数据: merchantCode=M1763172182&channelType=S02&merchantOrderNo=RCH202511180102593445&amount=111.00&notifyUrl=https%3A%2F%2Fapis.copla.top%2Findex.php%2Fpay%2Fnotify&returnUrl=https%3A%2F%2Fcopla.top%2Frecharge.html&ip=72.60.234.87&title=%E5%85%85%E5%80%BC%E8%AE%A2%E5%8D%95&describe=%E7%94%A8%E6%88%B7%E5%85%85%E5%80%BC&sign=ac8a71b7d62fecc43ec21c016ea98116
[18-Nov-2025 01:03:02 Asia/Shanghai] 支付网关原始响应: {"code":0,"message":"下单失败,请重新下单","data":null}
[18-Nov-2025 01:03:02 Asia/Shanghai] 支付网关解析后响应: {"code":0,"message":"下单失败,请重新下单","data":null}
[18-Nov-2025 01:03:02 Asia/Shanghai] 支付网关返回失败: 下单失败,请重新下单
[18-Nov-2025 01:03:02 Asia/Shanghai] 支付网关调用失败 [订单:RCH202511180102593445]: 下单失败,请重新下单
[18-Nov-2025 01:07:15 Asia/Shanghai] SQL Error: SQLSTATE[42S22]: Column not found: 1054 Unknown column 'meta' in 'field list'
[18-Nov-2025 01:07:30 Asia/Shanghai] SQL Error: SQLSTATE[42S22]: Column not found: 1054 Unknown column 'meta' in 'field list'
[18-Nov-2025 01:08:23 Asia/Shanghai] SQL Error: SQLSTATE[42S22]: Column not found: 1054 Unknown column 'meta' in 'field list'
[18-Nov-2025 01:08:43 Asia/Shanghai] 支付订单回调地址: https://apis.copla.top/index.php/pay/notify
[18-Nov-2025 01:08:43 Asia/Shanghai] 检测到IPv6地址，已转换为IPv4: 72.60.234.87
[18-Nov-2025 01:08:43 Asia/Shanghai] 支付订单创建 [用户ID:1, 订单号:RCH202511180108439813, 金额:111, 通道:S02, 回调:https://apis.copla.top/index.php/pay/notify, 跳转:https://copla.top/recharge.html]
[18-Nov-2025 01:08:43 Asia/Shanghai] 支付网关请求参数: {"merchantCode":"M1763172182","channelType":"S02","merchantOrderNo":"RCH202511180108439813","amount":"111.00","notifyUrl":"https:\/\/apis.copla.top\/index.php\/pay\/notify","returnUrl":"https:\/\/copla.top\/recharge.html","ip":"72.60.234.87","title":"充值订单","describe":"用户充值"}
[18-Nov-2025 01:08:43 Asia/Shanghai] 支付网关签名字符串: amount=111.00&channelType=S02&describe=用户充值&ip=72.60.234.87&merchantCode=M1763172182&merchantOrderNo=RCH202511180108439813&notifyUrl=https://apis.copla.top/index.php/pay/notify&returnUrl=https://copla.top/recharge.html&title=充值订单&key=3e4cbfb35a35787ccc98bd13027b4a02
[18-Nov-2025 01:08:43 Asia/Shanghai] 支付网关生成签名: ba1e67390ef418cda902d119aed27746
[18-Nov-2025 01:08:43 Asia/Shanghai] 支付网关签名后参数: {"merchantCode":"M1763172182","channelType":"S02","merchantOrderNo":"RCH202511180108439813","amount":"111.00","notifyUrl":"https:\/\/apis.copla.top\/index.php\/pay\/notify","returnUrl":"https:\/\/copla.top\/recharge.html","ip":"72.60.234.87","title":"充值订单","describe":"用户充值","sign":"ba1e67390ef418cda902d119aed27746"}
[18-Nov-2025 01:08:43 Asia/Shanghai] 支付网关请求 [URL:https://sevenpay.lh.plus/api/pay/create]: {"merchantCode":"M1763172182","channelType":"S02","merchantOrderNo":"RCH202511180108439813","amount":"111.00","notifyUrl":"https:\/\/apis.copla.top\/index.php\/pay\/notify","returnUrl":"https:\/\/copla.top\/recharge.html","ip":"72.60.234.87","title":"充值订单","describe":"用户充值","sign":"ba1e67390ef418cda902d119aed27746"}
[18-Nov-2025 01:08:43 Asia/Shanghai] 支付网关表单数据: merchantCode=M1763172182&channelType=S02&merchantOrderNo=RCH202511180108439813&amount=111.00&notifyUrl=https%3A%2F%2Fapis.copla.top%2Findex.php%2Fpay%2Fnotify&returnUrl=https%3A%2F%2Fcopla.top%2Frecharge.html&ip=72.60.234.87&title=%E5%85%85%E5%80%BC%E8%AE%A2%E5%8D%95&describe=%E7%94%A8%E6%88%B7%E5%85%85%E5%80%BC&sign=ba1e67390ef418cda902d119aed27746
[18-Nov-2025 01:08:47 Asia/Shanghai] 支付网关原始响应: {"code":0,"message":"下单失败,请重新下单","data":null}
[18-Nov-2025 01:08:47 Asia/Shanghai] 支付网关解析后响应: {"code":0,"message":"下单失败,请重新下单","data":null}
[18-Nov-2025 01:08:47 Asia/Shanghai] 支付网关返回失败: 下单失败,请重新下单
[18-Nov-2025 01:08:47 Asia/Shanghai] 支付网关调用失败 [订单:RCH202511180108439813]: 下单失败,请重新下单
[18-Nov-2025 01:24:56 Asia/Shanghai] PHP Warning:  require_once(/www/wwwroot/copla/providence-admin/api/user/../bootstrap.php): Failed to open stream: No such file or directory in /www/wwwroot/copla/providence-admin/api/user/ribao-transfer-in.php on line 12
[18-Nov-2025 01:24:56 Asia/Shanghai] PHP Fatal error:  Uncaught Error: Failed opening required '/www/wwwroot/copla/providence-admin/api/user/../bootstrap.php' (include_path='.:/www/server/php/82/lib/php') in /www/wwwroot/copla/providence-admin/api/user/ribao-transfer-in.php:12
Stack trace:
#0 /www/wwwroot/copla/providence-admin/api/index.php(170): require()
#1 {main}
  thrown in /www/wwwroot/copla/providence-admin/api/user/ribao-transfer-in.php on line 12
[18-Nov-2025 01:24:57 Asia/Shanghai] PHP Warning:  require_once(/www/wwwroot/copla/providence-admin/api/user/../bootstrap.php): Failed to open stream: No such file or directory in /www/wwwroot/copla/providence-admin/api/user/ribao-transfer-in.php on line 12
[18-Nov-2025 01:24:57 Asia/Shanghai] PHP Fatal error:  Uncaught Error: Failed opening required '/www/wwwroot/copla/providence-admin/api/user/../bootstrap.php' (include_path='.:/www/server/php/82/lib/php') in /www/wwwroot/copla/providence-admin/api/user/ribao-transfer-in.php:12
Stack trace:
#0 /www/wwwroot/copla/providence-admin/api/index.php(170): require()
#1 {main}
  thrown in /www/wwwroot/copla/providence-admin/api/user/ribao-transfer-in.php on line 12
[18-Nov-2025 01:24:59 Asia/Shanghai] PHP Warning:  require_once(/www/wwwroot/copla/providence-admin/api/user/../bootstrap.php): Failed to open stream: No such file or directory in /www/wwwroot/copla/providence-admin/api/user/ribao-transfer-in.php on line 12
[18-Nov-2025 01:24:59 Asia/Shanghai] PHP Fatal error:  Uncaught Error: Failed opening required '/www/wwwroot/copla/providence-admin/api/user/../bootstrap.php' (include_path='.:/www/server/php/82/lib/php') in /www/wwwroot/copla/providence-admin/api/user/ribao-transfer-in.php:12
Stack trace:
#0 /www/wwwroot/copla/providence-admin/api/index.php(170): require()
#1 {main}
  thrown in /www/wwwroot/copla/providence-admin/api/user/ribao-transfer-in.php on line 12
[18-Nov-2025 01:24:59 Asia/Shanghai] PHP Warning:  require_once(/www/wwwroot/copla/providence-admin/api/user/../bootstrap.php): Failed to open stream: No such file or directory in /www/wwwroot/copla/providence-admin/api/user/ribao-transfer-in.php on line 12
[18-Nov-2025 01:24:59 Asia/Shanghai] PHP Fatal error:  Uncaught Error: Failed opening required '/www/wwwroot/copla/providence-admin/api/user/../bootstrap.php' (include_path='.:/www/server/php/82/lib/php') in /www/wwwroot/copla/providence-admin/api/user/ribao-transfer-in.php:12
Stack trace:
#0 /www/wwwroot/copla/providence-admin/api/index.php(170): require()
#1 {main}
  thrown in /www/wwwroot/copla/providence-admin/api/user/ribao-transfer-in.php on line 12
[18-Nov-2025 01:25:06 Asia/Shanghai] SQL Error: SQLSTATE[42S22]: Column not found: 1054 Unknown column 'meta' in 'field list'
[18-Nov-2025 01:25:06 Asia/Shanghai] SQL Error: SQLSTATE[42S22]: Column not found: 1054 Unknown column 'meta' in 'field list'
[18-Nov-2025 01:25:09 Asia/Shanghai] 支付订单回调地址: https://apis.copla.top/index.php/pay/notify
[18-Nov-2025 01:25:09 Asia/Shanghai] 检测到IPv6地址，已转换为IPv4: 72.60.234.87
[18-Nov-2025 01:25:09 Asia/Shanghai] 支付订单创建 [用户ID:1, 订单号:RCH202511180125090742, 金额:111, 通道:S02, 回调:https://apis.copla.top/index.php/pay/notify, 跳转:https://copla.top/recharge.html]
[18-Nov-2025 01:25:09 Asia/Shanghai] 支付网关请求参数: {"merchantCode":"M1763172182","channelType":"S02","merchantOrderNo":"RCH202511180125090742","amount":"111.00","notifyUrl":"https:\/\/apis.copla.top\/index.php\/pay\/notify","returnUrl":"https:\/\/copla.top\/recharge.html","ip":"72.60.234.87","title":"充值订单","describe":"用户充值"}
[18-Nov-2025 01:25:09 Asia/Shanghai] 支付网关签名字符串: amount=111.00&channelType=S02&describe=用户充值&ip=72.60.234.87&merchantCode=M1763172182&merchantOrderNo=RCH202511180125090742&notifyUrl=https://apis.copla.top/index.php/pay/notify&returnUrl=https://copla.top/recharge.html&title=充值订单&key=3e4cbfb35a35787ccc98bd13027b4a02
[18-Nov-2025 01:25:09 Asia/Shanghai] 支付网关生成签名: e9341de0b00e945dae73b1546221bdf3
[18-Nov-2025 01:25:09 Asia/Shanghai] 支付网关签名后参数: {"merchantCode":"M1763172182","channelType":"S02","merchantOrderNo":"RCH202511180125090742","amount":"111.00","notifyUrl":"https:\/\/apis.copla.top\/index.php\/pay\/notify","returnUrl":"https:\/\/copla.top\/recharge.html","ip":"72.60.234.87","title":"充值订单","describe":"用户充值","sign":"e9341de0b00e945dae73b1546221bdf3"}
[18-Nov-2025 01:25:09 Asia/Shanghai] 支付网关请求 [URL:https://sevenpay.lh.plus/api/pay/create]: {"merchantCode":"M1763172182","channelType":"S02","merchantOrderNo":"RCH202511180125090742","amount":"111.00","notifyUrl":"https:\/\/apis.copla.top\/index.php\/pay\/notify","returnUrl":"https:\/\/copla.top\/recharge.html","ip":"72.60.234.87","title":"充值订单","describe":"用户充值","sign":"e9341de0b00e945dae73b1546221bdf3"}
[18-Nov-2025 01:25:09 Asia/Shanghai] 支付网关表单数据: merchantCode=M1763172182&channelType=S02&merchantOrderNo=RCH202511180125090742&amount=111.00&notifyUrl=https%3A%2F%2Fapis.copla.top%2Findex.php%2Fpay%2Fnotify&returnUrl=https%3A%2F%2Fcopla.top%2Frecharge.html&ip=72.60.234.87&title=%E5%85%85%E5%80%BC%E8%AE%A2%E5%8D%95&describe=%E7%94%A8%E6%88%B7%E5%85%85%E5%80%BC&sign=e9341de0b00e945dae73b1546221bdf3
[18-Nov-2025 01:25:13 Asia/Shanghai] 支付网关原始响应: {"code":0,"message":"下单失败,请重新下单","data":null}
[18-Nov-2025 01:25:13 Asia/Shanghai] 支付网关解析后响应: {"code":0,"message":"下单失败,请重新下单","data":null}
[18-Nov-2025 01:25:13 Asia/Shanghai] 支付网关返回失败: 下单失败,请重新下单
[18-Nov-2025 01:25:13 Asia/Shanghai] 支付网关调用失败 [订单:RCH202511180125090742]: 下单失败,请重新下单
[18-Nov-2025 01:25:17 Asia/Shanghai] 支付订单回调地址: https://apis.copla.top/index.php/pay/notify
[18-Nov-2025 01:25:17 Asia/Shanghai] 检测到IPv6地址，已转换为IPv4: 72.60.234.87
[18-Nov-2025 01:25:17 Asia/Shanghai] 支付订单创建 [用户ID:1, 订单号:RCH202511180125174753, 金额:111, 通道:S01, 回调:https://apis.copla.top/index.php/pay/notify, 跳转:https://copla.top/recharge.html]
[18-Nov-2025 01:25:17 Asia/Shanghai] 支付网关请求参数: {"merchantCode":"M1763172182","channelType":"S01","merchantOrderNo":"RCH202511180125174753","amount":"111.00","notifyUrl":"https:\/\/apis.copla.top\/index.php\/pay\/notify","returnUrl":"https:\/\/copla.top\/recharge.html","ip":"72.60.234.87","title":"充值订单","describe":"用户充值"}
[18-Nov-2025 01:25:17 Asia/Shanghai] 支付网关签名字符串: amount=111.00&channelType=S01&describe=用户充值&ip=72.60.234.87&merchantCode=M1763172182&merchantOrderNo=RCH202511180125174753&notifyUrl=https://apis.copla.top/index.php/pay/notify&returnUrl=https://copla.top/recharge.html&title=充值订单&key=3e4cbfb35a35787ccc98bd13027b4a02
[18-Nov-2025 01:25:17 Asia/Shanghai] 支付网关生成签名: d1e2295833c04b521f9e9132b9f09c08
[18-Nov-2025 01:25:17 Asia/Shanghai] 支付网关签名后参数: {"merchantCode":"M1763172182","channelType":"S01","merchantOrderNo":"RCH202511180125174753","amount":"111.00","notifyUrl":"https:\/\/apis.copla.top\/index.php\/pay\/notify","returnUrl":"https:\/\/copla.top\/recharge.html","ip":"72.60.234.87","title":"充值订单","describe":"用户充值","sign":"d1e2295833c04b521f9e9132b9f09c08"}
[18-Nov-2025 01:25:17 Asia/Shanghai] 支付网关请求 [URL:https://sevenpay.lh.plus/api/pay/create]: {"merchantCode":"M1763172182","channelType":"S01","merchantOrderNo":"RCH202511180125174753","amount":"111.00","notifyUrl":"https:\/\/apis.copla.top\/index.php\/pay\/notify","returnUrl":"https:\/\/copla.top\/recharge.html","ip":"72.60.234.87","title":"充值订单","describe":"用户充值","sign":"d1e2295833c04b521f9e9132b9f09c08"}
[18-Nov-2025 01:25:17 Asia/Shanghai] 支付网关表单数据: merchantCode=M1763172182&channelType=S01&merchantOrderNo=RCH202511180125174753&amount=111.00&notifyUrl=https%3A%2F%2Fapis.copla.top%2Findex.php%2Fpay%2Fnotify&returnUrl=https%3A%2F%2Fcopla.top%2Frecharge.html&ip=72.60.234.87&title=%E5%85%85%E5%80%BC%E8%AE%A2%E5%8D%95&describe=%E7%94%A8%E6%88%B7%E5%85%85%E5%80%BC&sign=d1e2295833c04b521f9e9132b9f09c08
[18-Nov-2025 01:25:19 Asia/Shanghai] 支付网关原始响应: {"code":1,"message":"下单成功","data":{"payUrl":"https:\/\/open.alipay.hxgybu.cn\/cashier\/order\/2025111801251958029021710?t=30132533977065657","orderNo":"P17634003135441492577","expireTime":1763486713}}
[18-Nov-2025 01:25:19 Asia/Shanghai] 支付网关解析后响应: {"code":1,"message":"下单成功","data":{"payUrl":"https:\/\/open.alipay.hxgybu.cn\/cashier\/order\/2025111801251958029021710?t=30132533977065657","orderNo":"P17634003135441492577","expireTime":1763486713}}
[18-Nov-2025 01:25:19 Asia/Shanghai] 支付网关返回 [订单:RCH202511180125174753]: {"code":1,"message":"下单成功","data":{"payUrl":"https:\/\/open.alipay.hxgybu.cn\/cashier\/order\/2025111801251958029021710?t=30132533977065657","orderNo":"P17634003135441492577","expireTime":1763486713}}
[18-Nov-2025 01:25:19 Asia/Shanghai] 准备插入充值记录 [用户:1, 订单:RCH202511180125174753]: {"order_no":"RCH202511180125174753","user_id":1,"amount":111,"currency":"CNY","payment_method":"alipay","status":0,"meta":"{\"ip\":\"172.69.176.33\",\"user_agent\":\"Mozilla\\\/5.0 (iPhone; CPU iPhone OS 13_2_3 like Mac OS X) AppleWebKit\\\/605.1.15 (KHTML, like Gecko) Version\\\/13.0.3 Mobile\\\/15E148 Safari\\\/604.1\",\"channel\":\"S01\",\"channel_name\":\"支付宝小额原生\",\"payment_gateway\":\"sevenpay\",\"gateway_order_no\":\"P17634003135441492577\",\"gateway_response\":{\"code\":1,\"message\":\"下单成功\",\"data\":{\"payUrl\":\"https:\\\/\\\/open.alipay.hxgybu.cn\\\/cashier\\\/order\\\/2025111801251958029021710?t=30132533977065657\",\"orderNo\":\"P17634003135441492577\",\"expireTime\":1763486713}},\"pay_url\":\"https:\\\/\\\/open.alipay.hxgybu.cn\\\/cashier\\\/order\\\/2025111801251958029021710?t=30132533977065657\",\"qr_code\":\"\",\"expire_time\":1763486713,\"timestamp\":1763400319}","created_at":"2025-11-18 01:25:19"}
[18-Nov-2025 01:25:19 Asia/Shanghai] SQL Error: SQLSTATE[42S22]: Column not found: 1054 Unknown column 'meta' in 'field list'
[18-Nov-2025 01:25:19 Asia/Shanghai] 保存充值记录失败 [用户:1, 订单:RCH202511180125174753]: {"order_no":"RCH202511180125174753","user_id":1,"amount":111,"currency":"CNY","payment_method":"alipay","status":0,"meta":"{\"ip\":\"172.69.176.33\",\"user_agent\":\"Mozilla\\\/5.0 (iPhone; CPU iPhone OS 13_2_3 like Mac OS X) AppleWebKit\\\/605.1.15 (KHTML, like Gecko) Version\\\/13.0.3 Mobile\\\/15E148 Safari\\\/604.1\",\"channel\":\"S01\",\"channel_name\":\"支付宝小额原生\",\"payment_gateway\":\"sevenpay\",\"gateway_order_no\":\"P17634003135441492577\",\"gateway_response\":{\"code\":1,\"message\":\"下单成功\",\"data\":{\"payUrl\":\"https:\\\/\\\/open.alipay.hxgybu.cn\\\/cashier\\\/order\\\/2025111801251958029021710?t=30132533977065657\",\"orderNo\":\"P17634003135441492577\",\"expireTime\":1763486713}},\"pay_url\":\"https:\\\/\\\/open.alipay.hxgybu.cn\\\/cashier\\\/order\\\/2025111801251958029021710?t=30132533977065657\",\"qr_code\":\"\",\"expire_time\":1763486713,\"timestamp\":1763400319}","created_at":"2025-11-18 01:25:19"}
[18-Nov-2025 01:25:19 Asia/Shanghai] 创建支付订单错误 [用户:1]: 保存充值记录失败，请重试
[18-Nov-2025 01:36:51 Asia/Shanghai] 支付订单回调地址: https://apis.copla.top/index.php/pay/notify
[18-Nov-2025 01:36:51 Asia/Shanghai] 检测到IPv6地址，已转换为IPv4: 72.60.234.87
[18-Nov-2025 01:36:51 Asia/Shanghai] 支付订单创建 [用户ID:1, 订单号:RCH202511180136512356, 金额:111, 通道:S02, 回调:https://apis.copla.top/index.php/pay/notify, 跳转:https://copla.top/recharge.html]
[18-Nov-2025 01:36:51 Asia/Shanghai] 支付网关请求参数: {"merchantCode":"M1763172182","channelType":"S02","merchantOrderNo":"RCH202511180136512356","amount":"111.00","notifyUrl":"https:\/\/apis.copla.top\/index.php\/pay\/notify","returnUrl":"https:\/\/copla.top\/recharge.html","ip":"72.60.234.87","title":"充值订单","describe":"用户充值"}
[18-Nov-2025 01:36:51 Asia/Shanghai] 支付网关签名字符串: amount=111.00&channelType=S02&describe=用户充值&ip=72.60.234.87&merchantCode=M1763172182&merchantOrderNo=RCH202511180136512356&notifyUrl=https://apis.copla.top/index.php/pay/notify&returnUrl=https://copla.top/recharge.html&title=充值订单&key=3e4cbfb35a35787ccc98bd13027b4a02
[18-Nov-2025 01:36:51 Asia/Shanghai] 支付网关生成签名: 71a6e2bed2daee1d5d98fff862f96778
[18-Nov-2025 01:36:51 Asia/Shanghai] 支付网关签名后参数: {"merchantCode":"M1763172182","channelType":"S02","merchantOrderNo":"RCH202511180136512356","amount":"111.00","notifyUrl":"https:\/\/apis.copla.top\/index.php\/pay\/notify","returnUrl":"https:\/\/copla.top\/recharge.html","ip":"72.60.234.87","title":"充值订单","describe":"用户充值","sign":"71a6e2bed2daee1d5d98fff862f96778"}
[18-Nov-2025 01:36:51 Asia/Shanghai] 支付网关请求 [URL:https://sevenpay.lh.plus/api/pay/create]: {"merchantCode":"M1763172182","channelType":"S02","merchantOrderNo":"RCH202511180136512356","amount":"111.00","notifyUrl":"https:\/\/apis.copla.top\/index.php\/pay\/notify","returnUrl":"https:\/\/copla.top\/recharge.html","ip":"72.60.234.87","title":"充值订单","describe":"用户充值","sign":"71a6e2bed2daee1d5d98fff862f96778"}
[18-Nov-2025 01:36:51 Asia/Shanghai] 支付网关表单数据: merchantCode=M1763172182&channelType=S02&merchantOrderNo=RCH202511180136512356&amount=111.00&notifyUrl=https%3A%2F%2Fapis.copla.top%2Findex.php%2Fpay%2Fnotify&returnUrl=https%3A%2F%2Fcopla.top%2Frecharge.html&ip=72.60.234.87&title=%E5%85%85%E5%80%BC%E8%AE%A2%E5%8D%95&describe=%E7%94%A8%E6%88%B7%E5%85%85%E5%80%BC&sign=71a6e2bed2daee1d5d98fff862f96778
[18-Nov-2025 01:36:54 Asia/Shanghai] 支付网关原始响应: {"code":0,"message":"下单失败,请重新下单","data":null}
[18-Nov-2025 01:36:54 Asia/Shanghai] 支付网关解析后响应: {"code":0,"message":"下单失败,请重新下单","data":null}
[18-Nov-2025 01:36:54 Asia/Shanghai] 支付网关返回失败: 下单失败,请重新下单
[18-Nov-2025 01:36:54 Asia/Shanghai] 支付网关调用失败 [订单:RCH202511180136512356]: 下单失败,请重新下单
[18-Nov-2025 01:36:56 Asia/Shanghai] 支付订单回调地址: https://apis.copla.top/index.php/pay/notify
[18-Nov-2025 01:36:56 Asia/Shanghai] 检测到IPv6地址，已转换为IPv4: 72.60.234.87
[18-Nov-2025 01:36:56 Asia/Shanghai] 支付订单创建 [用户ID:1, 订单号:RCH202511180136560490, 金额:111, 通道:S02, 回调:https://apis.copla.top/index.php/pay/notify, 跳转:https://copla.top/recharge.html]
[18-Nov-2025 01:36:56 Asia/Shanghai] 支付网关请求参数: {"merchantCode":"M1763172182","channelType":"S02","merchantOrderNo":"RCH202511180136560490","amount":"111.00","notifyUrl":"https:\/\/apis.copla.top\/index.php\/pay\/notify","returnUrl":"https:\/\/copla.top\/recharge.html","ip":"72.60.234.87","title":"充值订单","describe":"用户充值"}
[18-Nov-2025 01:36:56 Asia/Shanghai] 支付网关签名字符串: amount=111.00&channelType=S02&describe=用户充值&ip=72.60.234.87&merchantCode=M1763172182&merchantOrderNo=RCH202511180136560490&notifyUrl=https://apis.copla.top/index.php/pay/notify&returnUrl=https://copla.top/recharge.html&title=充值订单&key=3e4cbfb35a35787ccc98bd13027b4a02
[18-Nov-2025 01:36:56 Asia/Shanghai] 支付网关生成签名: 81e60379bb373be0d6a374cb4b5fc973
[18-Nov-2025 01:36:56 Asia/Shanghai] 支付网关签名后参数: {"merchantCode":"M1763172182","channelType":"S02","merchantOrderNo":"RCH202511180136560490","amount":"111.00","notifyUrl":"https:\/\/apis.copla.top\/index.php\/pay\/notify","returnUrl":"https:\/\/copla.top\/recharge.html","ip":"72.60.234.87","title":"充值订单","describe":"用户充值","sign":"81e60379bb373be0d6a374cb4b5fc973"}
[18-Nov-2025 01:36:56 Asia/Shanghai] 支付网关请求 [URL:https://sevenpay.lh.plus/api/pay/create]: {"merchantCode":"M1763172182","channelType":"S02","merchantOrderNo":"RCH202511180136560490","amount":"111.00","notifyUrl":"https:\/\/apis.copla.top\/index.php\/pay\/notify","returnUrl":"https:\/\/copla.top\/recharge.html","ip":"72.60.234.87","title":"充值订单","describe":"用户充值","sign":"81e60379bb373be0d6a374cb4b5fc973"}
[18-Nov-2025 01:36:56 Asia/Shanghai] 支付网关表单数据: merchantCode=M1763172182&channelType=S02&merchantOrderNo=RCH202511180136560490&amount=111.00&notifyUrl=https%3A%2F%2Fapis.copla.top%2Findex.php%2Fpay%2Fnotify&returnUrl=https%3A%2F%2Fcopla.top%2Frecharge.html&ip=72.60.234.87&title=%E5%85%85%E5%80%BC%E8%AE%A2%E5%8D%95&describe=%E7%94%A8%E6%88%B7%E5%85%85%E5%80%BC&sign=81e60379bb373be0d6a374cb4b5fc973
[18-Nov-2025 01:37:00 Asia/Shanghai] 支付网关原始响应: {"code":0,"message":"下单失败,请重新下单","data":null}
[18-Nov-2025 01:37:00 Asia/Shanghai] 支付网关解析后响应: {"code":0,"message":"下单失败,请重新下单","data":null}
[18-Nov-2025 01:37:00 Asia/Shanghai] 支付网关返回失败: 下单失败,请重新下单
[18-Nov-2025 01:37:00 Asia/Shanghai] 支付网关调用失败 [订单:RCH202511180136560490]: 下单失败,请重新下单
[18-Nov-2025 01:37:17 Asia/Shanghai] 支付订单回调地址: https://apis.copla.top/index.php/pay/notify
[18-Nov-2025 01:37:17 Asia/Shanghai] 检测到IPv6地址，已转换为IPv4: 72.60.234.87
[18-Nov-2025 01:37:17 Asia/Shanghai] 支付订单创建 [用户ID:1, 订单号:RCH202511180137177644, 金额:1111, 通道:S02, 回调:https://apis.copla.top/index.php/pay/notify, 跳转:https://copla.top/recharge.html]
[18-Nov-2025 01:37:17 Asia/Shanghai] 支付网关请求参数: {"merchantCode":"M1763172182","channelType":"S02","merchantOrderNo":"RCH202511180137177644","amount":"1111.00","notifyUrl":"https:\/\/apis.copla.top\/index.php\/pay\/notify","returnUrl":"https:\/\/copla.top\/recharge.html","ip":"72.60.234.87","title":"充值订单","describe":"用户充值"}
[18-Nov-2025 01:37:17 Asia/Shanghai] 支付网关签名字符串: amount=1111.00&channelType=S02&describe=用户充值&ip=72.60.234.87&merchantCode=M1763172182&merchantOrderNo=RCH202511180137177644&notifyUrl=https://apis.copla.top/index.php/pay/notify&returnUrl=https://copla.top/recharge.html&title=充值订单&key=3e4cbfb35a35787ccc98bd13027b4a02
[18-Nov-2025 01:37:17 Asia/Shanghai] 支付网关生成签名: 88f74c1f75ee473ea3c8397961e0cb14
[18-Nov-2025 01:37:17 Asia/Shanghai] 支付网关签名后参数: {"merchantCode":"M1763172182","channelType":"S02","merchantOrderNo":"RCH202511180137177644","amount":"1111.00","notifyUrl":"https:\/\/apis.copla.top\/index.php\/pay\/notify","returnUrl":"https:\/\/copla.top\/recharge.html","ip":"72.60.234.87","title":"充值订单","describe":"用户充值","sign":"88f74c1f75ee473ea3c8397961e0cb14"}
[18-Nov-2025 01:37:17 Asia/Shanghai] 支付网关请求 [URL:https://sevenpay.lh.plus/api/pay/create]: {"merchantCode":"M1763172182","channelType":"S02","merchantOrderNo":"RCH202511180137177644","amount":"1111.00","notifyUrl":"https:\/\/apis.copla.top\/index.php\/pay\/notify","returnUrl":"https:\/\/copla.top\/recharge.html","ip":"72.60.234.87","title":"充值订单","describe":"用户充值","sign":"88f74c1f75ee473ea3c8397961e0cb14"}
[18-Nov-2025 01:37:17 Asia/Shanghai] 支付网关表单数据: merchantCode=M1763172182&channelType=S02&merchantOrderNo=RCH202511180137177644&amount=1111.00&notifyUrl=https%3A%2F%2Fapis.copla.top%2Findex.php%2Fpay%2Fnotify&returnUrl=https%3A%2F%2Fcopla.top%2Frecharge.html&ip=72.60.234.87&title=%E5%85%85%E5%80%BC%E8%AE%A2%E5%8D%95&describe=%E7%94%A8%E6%88%B7%E5%85%85%E5%80%BC&sign=88f74c1f75ee473ea3c8397961e0cb14
[18-Nov-2025 01:37:21 Asia/Shanghai] 支付网关原始响应: {"code":0,"message":"下单失败,请重新下单","data":null}
[18-Nov-2025 01:37:21 Asia/Shanghai] 支付网关解析后响应: {"code":0,"message":"下单失败,请重新下单","data":null}
[18-Nov-2025 01:37:21 Asia/Shanghai] 支付网关返回失败: 下单失败,请重新下单
[18-Nov-2025 01:37:21 Asia/Shanghai] 支付网关调用失败 [订单:RCH202511180137177644]: 下单失败,请重新下单
[18-Nov-2025 01:37:37 Asia/Shanghai] 支付订单回调地址: https://apis.copla.top/index.php/pay/notify
[18-Nov-2025 01:37:37 Asia/Shanghai] 检测到IPv6地址，已转换为IPv4: 72.60.234.87
[18-Nov-2025 01:37:37 Asia/Shanghai] 支付订单创建 [用户ID:1, 订单号:RCH202511180137377020, 金额:1111, 通道:S01, 回调:https://apis.copla.top/index.php/pay/notify, 跳转:https://copla.top/recharge.html]
[18-Nov-2025 01:37:37 Asia/Shanghai] 支付网关请求参数: {"merchantCode":"M1763172182","channelType":"S01","merchantOrderNo":"RCH202511180137377020","amount":"1111.00","notifyUrl":"https:\/\/apis.copla.top\/index.php\/pay\/notify","returnUrl":"https:\/\/copla.top\/recharge.html","ip":"72.60.234.87","title":"充值订单","describe":"用户充值"}
[18-Nov-2025 01:37:37 Asia/Shanghai] 支付网关签名字符串: amount=1111.00&channelType=S01&describe=用户充值&ip=72.60.234.87&merchantCode=M1763172182&merchantOrderNo=RCH202511180137377020&notifyUrl=https://apis.copla.top/index.php/pay/notify&returnUrl=https://copla.top/recharge.html&title=充值订单&key=3e4cbfb35a35787ccc98bd13027b4a02
[18-Nov-2025 01:37:37 Asia/Shanghai] 支付网关生成签名: 2794a2679a7b3c7e0132a68c81a7b7bd
[18-Nov-2025 01:37:37 Asia/Shanghai] 支付网关签名后参数: {"merchantCode":"M1763172182","channelType":"S01","merchantOrderNo":"RCH202511180137377020","amount":"1111.00","notifyUrl":"https:\/\/apis.copla.top\/index.php\/pay\/notify","returnUrl":"https:\/\/copla.top\/recharge.html","ip":"72.60.234.87","title":"充值订单","describe":"用户充值","sign":"2794a2679a7b3c7e0132a68c81a7b7bd"}
[18-Nov-2025 01:37:37 Asia/Shanghai] 支付网关请求 [URL:https://sevenpay.lh.plus/api/pay/create]: {"merchantCode":"M1763172182","channelType":"S01","merchantOrderNo":"RCH202511180137377020","amount":"1111.00","notifyUrl":"https:\/\/apis.copla.top\/index.php\/pay\/notify","returnUrl":"https:\/\/copla.top\/recharge.html","ip":"72.60.234.87","title":"充值订单","describe":"用户充值","sign":"2794a2679a7b3c7e0132a68c81a7b7bd"}
[18-Nov-2025 01:37:37 Asia/Shanghai] 支付网关表单数据: merchantCode=M1763172182&channelType=S01&merchantOrderNo=RCH202511180137377020&amount=1111.00&notifyUrl=https%3A%2F%2Fapis.copla.top%2Findex.php%2Fpay%2Fnotify&returnUrl=https%3A%2F%2Fcopla.top%2Frecharge.html&ip=72.60.234.87&title=%E5%85%85%E5%80%BC%E8%AE%A2%E5%8D%95&describe=%E7%94%A8%E6%88%B7%E5%85%85%E5%80%BC&sign=2794a2679a7b3c7e0132a68c81a7b7bd
[18-Nov-2025 01:37:38 Asia/Shanghai] 支付网关原始响应: {"code":1,"message":"下单成功","data":{"payUrl":"https:\/\/p5xbk.easycheckout.top\/pay\/l\/a41YXA1UHEjcMKapWR3_fg?t=1763430158038&s=9qkdewYrb3EW1gZLIYatxqNcrtd22wFcp2upJAMBxEs","orderNo":"P17634010573101386971","expireTime":1763487457}}
[18-Nov-2025 01:37:38 Asia/Shanghai] 支付网关解析后响应: {"code":1,"message":"下单成功","data":{"payUrl":"https:\/\/p5xbk.easycheckout.top\/pay\/l\/a41YXA1UHEjcMKapWR3_fg?t=1763430158038&s=9qkdewYrb3EW1gZLIYatxqNcrtd22wFcp2upJAMBxEs","orderNo":"P17634010573101386971","expireTime":1763487457}}
[18-Nov-2025 01:37:38 Asia/Shanghai] 支付网关返回 [订单:RCH202511180137377020]: {"code":1,"message":"下单成功","data":{"payUrl":"https:\/\/p5xbk.easycheckout.top\/pay\/l\/a41YXA1UHEjcMKapWR3_fg?t=1763430158038&s=9qkdewYrb3EW1gZLIYatxqNcrtd22wFcp2upJAMBxEs","orderNo":"P17634010573101386971","expireTime":1763487457}}
[18-Nov-2025 01:37:38 Asia/Shanghai] 准备插入充值记录 [用户:1, 订单:RCH202511180137377020]: {"order_no":"RCH202511180137377020","user_id":1,"amount":1111,"currency":"CNY","payment_method":"alipay","status":0,"meta":"{\"ip\":\"172.70.210.168\",\"user_agent\":\"Mozilla\\\/5.0 (Macintosh; Intel Mac OS X 10_15_7) AppleWebKit\\\/537.36 (KHTML, like Gecko) Chrome\\\/142.0.0.0 Safari\\\/537.36\",\"channel\":\"S01\",\"channel_name\":\"支付宝小额原生\",\"payment_gateway\":\"sevenpay\",\"gateway_order_no\":\"P17634010573101386971\",\"gateway_response\":{\"code\":1,\"message\":\"下单成功\",\"data\":{\"payUrl\":\"https:\\\/\\\/p5xbk.easycheckout.top\\\/pay\\\/l\\\/a41YXA1UHEjcMKapWR3_fg?t=1763430158038&s=9qkdewYrb3EW1gZLIYatxqNcrtd22wFcp2upJAMBxEs\",\"orderNo\":\"P17634010573101386971\",\"expireTime\":1763487457}},\"pay_url\":\"https:\\\/\\\/p5xbk.easycheckout.top\\\/pay\\\/l\\\/a41YXA1UHEjcMKapWR3_fg?t=1763430158038&s=9qkdewYrb3EW1gZLIYatxqNcrtd22wFcp2upJAMBxEs\",\"qr_code\":\"\",\"expire_time\":1763487457,\"timestamp\":1763401058}","created_at":"2025-11-18 01:37:38"}
[18-Nov-2025 01:37:38 Asia/Shanghai] 充值记录插入成功 [ID:22, 用户:1, 订单:RCH202511180137377020]
[18-Nov-2025 01:37:58 Asia/Shanghai] 支付订单回调地址: https://apis.copla.top/index.php/pay/notify
[18-Nov-2025 01:37:58 Asia/Shanghai] 检测到IPv6地址，已转换为IPv4: 72.60.234.87
[18-Nov-2025 01:37:58 Asia/Shanghai] 支付订单创建 [用户ID:1, 订单号:RCH202511180137581427, 金额:1111, 通道:S02, 回调:https://apis.copla.top/index.php/pay/notify, 跳转:https://copla.top/recharge.html]
[18-Nov-2025 01:37:58 Asia/Shanghai] 支付网关请求参数: {"merchantCode":"M1763172182","channelType":"S02","merchantOrderNo":"RCH202511180137581427","amount":"1111.00","notifyUrl":"https:\/\/apis.copla.top\/index.php\/pay\/notify","returnUrl":"https:\/\/copla.top\/recharge.html","ip":"72.60.234.87","title":"充值订单","describe":"用户充值"}
[18-Nov-2025 01:37:58 Asia/Shanghai] 支付网关签名字符串: amount=1111.00&channelType=S02&describe=用户充值&ip=72.60.234.87&merchantCode=M1763172182&merchantOrderNo=RCH202511180137581427&notifyUrl=https://apis.copla.top/index.php/pay/notify&returnUrl=https://copla.top/recharge.html&title=充值订单&key=3e4cbfb35a35787ccc98bd13027b4a02
[18-Nov-2025 01:37:58 Asia/Shanghai] 支付网关生成签名: 43d30d999028534a037321fa0a39cd40
[18-Nov-2025 01:37:58 Asia/Shanghai] 支付网关签名后参数: {"merchantCode":"M1763172182","channelType":"S02","merchantOrderNo":"RCH202511180137581427","amount":"1111.00","notifyUrl":"https:\/\/apis.copla.top\/index.php\/pay\/notify","returnUrl":"https:\/\/copla.top\/recharge.html","ip":"72.60.234.87","title":"充值订单","describe":"用户充值","sign":"43d30d999028534a037321fa0a39cd40"}
[18-Nov-2025 01:37:58 Asia/Shanghai] 支付网关请求 [URL:https://sevenpay.lh.plus/api/pay/create]: {"merchantCode":"M1763172182","channelType":"S02","merchantOrderNo":"RCH202511180137581427","amount":"1111.00","notifyUrl":"https:\/\/apis.copla.top\/index.php\/pay\/notify","returnUrl":"https:\/\/copla.top\/recharge.html","ip":"72.60.234.87","title":"充值订单","describe":"用户充值","sign":"43d30d999028534a037321fa0a39cd40"}
[18-Nov-2025 01:37:58 Asia/Shanghai] 支付网关表单数据: merchantCode=M1763172182&channelType=S02&merchantOrderNo=RCH202511180137581427&amount=1111.00&notifyUrl=https%3A%2F%2Fapis.copla.top%2Findex.php%2Fpay%2Fnotify&returnUrl=https%3A%2F%2Fcopla.top%2Frecharge.html&ip=72.60.234.87&title=%E5%85%85%E5%80%BC%E8%AE%A2%E5%8D%95&describe=%E7%94%A8%E6%88%B7%E5%85%85%E5%80%BC&sign=43d30d999028534a037321fa0a39cd40
[18-Nov-2025 01:38:01 Asia/Shanghai] 支付网关原始响应: {"code":0,"message":"下单失败,请重新下单","data":null}
[18-Nov-2025 01:38:01 Asia/Shanghai] 支付网关解析后响应: {"code":0,"message":"下单失败,请重新下单","data":null}
[18-Nov-2025 01:38:01 Asia/Shanghai] 支付网关返回失败: 下单失败,请重新下单
[18-Nov-2025 01:38:01 Asia/Shanghai] 支付网关调用失败 [订单:RCH202511180137581427]: 下单失败,请重新下单
[18-Nov-2025 01:40:05 Asia/Shanghai] 支付订单回调地址: https://apis.copla.top/index.php/pay/notify
[18-Nov-2025 01:40:05 Asia/Shanghai] 支付订单创建 [用户ID:1, 订单号:RCH202511180140057695, 金额:1111, 通道:S02, 回调:https://apis.copla.top/index.php/pay/notify, 跳转:https://copla.top/recharge.html]
[18-Nov-2025 01:40:05 Asia/Shanghai] 支付网关请求参数: {"merchantCode":"M1763172182","channelType":"S02","merchantOrderNo":"RCH202511180140057695","amount":"1111.00","notifyUrl":"https:\/\/apis.copla.top\/index.php\/pay\/notify","returnUrl":"https:\/\/copla.top\/recharge.html","ip":"150.228.149.21","title":"充值订单","describe":"用户充值"}
[18-Nov-2025 01:40:05 Asia/Shanghai] 支付网关签名字符串: amount=1111.00&channelType=S02&describe=用户充值&ip=150.228.149.21&merchantCode=M1763172182&merchantOrderNo=RCH202511180140057695&notifyUrl=https://apis.copla.top/index.php/pay/notify&returnUrl=https://copla.top/recharge.html&title=充值订单&key=3e4cbfb35a35787ccc98bd13027b4a02
[18-Nov-2025 01:40:05 Asia/Shanghai] 支付网关生成签名: 342e12aca23b6678680803b4b97391d6
[18-Nov-2025 01:40:05 Asia/Shanghai] 支付网关签名后参数: {"merchantCode":"M1763172182","channelType":"S02","merchantOrderNo":"RCH202511180140057695","amount":"1111.00","notifyUrl":"https:\/\/apis.copla.top\/index.php\/pay\/notify","returnUrl":"https:\/\/copla.top\/recharge.html","ip":"150.228.149.21","title":"充值订单","describe":"用户充值","sign":"342e12aca23b6678680803b4b97391d6"}
[18-Nov-2025 01:40:05 Asia/Shanghai] 支付网关请求 [URL:https://sevenpay.lh.plus/api/pay/create]: {"merchantCode":"M1763172182","channelType":"S02","merchantOrderNo":"RCH202511180140057695","amount":"1111.00","notifyUrl":"https:\/\/apis.copla.top\/index.php\/pay\/notify","returnUrl":"https:\/\/copla.top\/recharge.html","ip":"150.228.149.21","title":"充值订单","describe":"用户充值","sign":"342e12aca23b6678680803b4b97391d6"}
[18-Nov-2025 01:40:05 Asia/Shanghai] 支付网关表单数据: merchantCode=M1763172182&channelType=S02&merchantOrderNo=RCH202511180140057695&amount=1111.00&notifyUrl=https%3A%2F%2Fapis.copla.top%2Findex.php%2Fpay%2Fnotify&returnUrl=https%3A%2F%2Fcopla.top%2Frecharge.html&ip=150.228.149.21&title=%E5%85%85%E5%80%BC%E8%AE%A2%E5%8D%95&describe=%E7%94%A8%E6%88%B7%E5%85%85%E5%80%BC&sign=342e12aca23b6678680803b4b97391d6
[18-Nov-2025 01:40:08 Asia/Shanghai] 支付网关原始响应: {"code":0,"message":"下单失败,请重新下单","data":null}
[18-Nov-2025 01:40:08 Asia/Shanghai] 支付网关解析后响应: {"code":0,"message":"下单失败,请重新下单","data":null}
[18-Nov-2025 01:40:08 Asia/Shanghai] 支付网关返回失败: 下单失败,请重新下单
[18-Nov-2025 01:40:08 Asia/Shanghai] 支付网关调用失败 [订单:RCH202511180140057695]: 下单失败,请重新下单
[18-Nov-2025 01:40:09 Asia/Shanghai] 支付订单回调地址: https://apis.copla.top/index.php/pay/notify
[18-Nov-2025 01:40:09 Asia/Shanghai] 支付订单创建 [用户ID:1, 订单号:RCH202511180140099748, 金额:1111, 通道:S02, 回调:https://apis.copla.top/index.php/pay/notify, 跳转:https://copla.top/recharge.html]
[18-Nov-2025 01:40:09 Asia/Shanghai] 支付网关请求参数: {"merchantCode":"M1763172182","channelType":"S02","merchantOrderNo":"RCH202511180140099748","amount":"1111.00","notifyUrl":"https:\/\/apis.copla.top\/index.php\/pay\/notify","returnUrl":"https:\/\/copla.top\/recharge.html","ip":"150.228.149.21","title":"充值订单","describe":"用户充值"}
[18-Nov-2025 01:40:09 Asia/Shanghai] 支付网关签名字符串: amount=1111.00&channelType=S02&describe=用户充值&ip=150.228.149.21&merchantCode=M1763172182&merchantOrderNo=RCH202511180140099748&notifyUrl=https://apis.copla.top/index.php/pay/notify&returnUrl=https://copla.top/recharge.html&title=充值订单&key=3e4cbfb35a35787ccc98bd13027b4a02
[18-Nov-2025 01:40:09 Asia/Shanghai] 支付网关生成签名: 7c450b979b5d6465565ac3298e9539b2
[18-Nov-2025 01:40:09 Asia/Shanghai] 支付网关签名后参数: {"merchantCode":"M1763172182","channelType":"S02","merchantOrderNo":"RCH202511180140099748","amount":"1111.00","notifyUrl":"https:\/\/apis.copla.top\/index.php\/pay\/notify","returnUrl":"https:\/\/copla.top\/recharge.html","ip":"150.228.149.21","title":"充值订单","describe":"用户充值","sign":"7c450b979b5d6465565ac3298e9539b2"}
[18-Nov-2025 01:40:09 Asia/Shanghai] 支付网关请求 [URL:https://sevenpay.lh.plus/api/pay/create]: {"merchantCode":"M1763172182","channelType":"S02","merchantOrderNo":"RCH202511180140099748","amount":"1111.00","notifyUrl":"https:\/\/apis.copla.top\/index.php\/pay\/notify","returnUrl":"https:\/\/copla.top\/recharge.html","ip":"150.228.149.21","title":"充值订单","describe":"用户充值","sign":"7c450b979b5d6465565ac3298e9539b2"}
[18-Nov-2025 01:40:09 Asia/Shanghai] 支付网关表单数据: merchantCode=M1763172182&channelType=S02&merchantOrderNo=RCH202511180140099748&amount=1111.00&notifyUrl=https%3A%2F%2Fapis.copla.top%2Findex.php%2Fpay%2Fnotify&returnUrl=https%3A%2F%2Fcopla.top%2Frecharge.html&ip=150.228.149.21&title=%E5%85%85%E5%80%BC%E8%AE%A2%E5%8D%95&describe=%E7%94%A8%E6%88%B7%E5%85%85%E5%80%BC&sign=7c450b979b5d6465565ac3298e9539b2
[18-Nov-2025 01:40:12 Asia/Shanghai] 支付网关原始响应: {"code":0,"message":"下单失败,请重新下单","data":null}
[18-Nov-2025 01:40:12 Asia/Shanghai] 支付网关解析后响应: {"code":0,"message":"下单失败,请重新下单","data":null}
[18-Nov-2025 01:40:12 Asia/Shanghai] 支付网关返回失败: 下单失败,请重新下单
[18-Nov-2025 01:40:12 Asia/Shanghai] 支付网关调用失败 [订单:RCH202511180140099748]: 下单失败,请重新下单
[18-Nov-2025 01:40:32 Asia/Shanghai] 支付订单回调地址: https://apis.copla.top/index.php/pay/notify
[18-Nov-2025 01:40:32 Asia/Shanghai] 检测到IPv6地址，已转换为IPv4: 72.60.234.87
[18-Nov-2025 01:40:32 Asia/Shanghai] 支付订单创建 [用户ID:1, 订单号:RCH202511180140326320, 金额:111, 通道:S02, 回调:https://apis.copla.top/index.php/pay/notify, 跳转:https://copla.top/recharge.html]
[18-Nov-2025 01:40:32 Asia/Shanghai] 支付网关请求参数: {"merchantCode":"M1763172182","channelType":"S02","merchantOrderNo":"RCH202511180140326320","amount":"111.00","notifyUrl":"https:\/\/apis.copla.top\/index.php\/pay\/notify","returnUrl":"https:\/\/copla.top\/recharge.html","ip":"72.60.234.87","title":"充值订单","describe":"用户充值"}
[18-Nov-2025 01:40:32 Asia/Shanghai] 支付网关签名字符串: amount=111.00&channelType=S02&describe=用户充值&ip=72.60.234.87&merchantCode=M1763172182&merchantOrderNo=RCH202511180140326320&notifyUrl=https://apis.copla.top/index.php/pay/notify&returnUrl=https://copla.top/recharge.html&title=充值订单&key=3e4cbfb35a35787ccc98bd13027b4a02
[18-Nov-2025 01:40:32 Asia/Shanghai] 支付网关生成签名: fac4c3452d14658b57a0f0c598de6c93
[18-Nov-2025 01:40:32 Asia/Shanghai] 支付网关签名后参数: {"merchantCode":"M1763172182","channelType":"S02","merchantOrderNo":"RCH202511180140326320","amount":"111.00","notifyUrl":"https:\/\/apis.copla.top\/index.php\/pay\/notify","returnUrl":"https:\/\/copla.top\/recharge.html","ip":"72.60.234.87","title":"充值订单","describe":"用户充值","sign":"fac4c3452d14658b57a0f0c598de6c93"}
[18-Nov-2025 01:40:32 Asia/Shanghai] 支付网关请求 [URL:https://sevenpay.lh.plus/api/pay/create]: {"merchantCode":"M1763172182","channelType":"S02","merchantOrderNo":"RCH202511180140326320","amount":"111.00","notifyUrl":"https:\/\/apis.copla.top\/index.php\/pay\/notify","returnUrl":"https:\/\/copla.top\/recharge.html","ip":"72.60.234.87","title":"充值订单","describe":"用户充值","sign":"fac4c3452d14658b57a0f0c598de6c93"}
[18-Nov-2025 01:40:32 Asia/Shanghai] 支付网关表单数据: merchantCode=M1763172182&channelType=S02&merchantOrderNo=RCH202511180140326320&amount=111.00&notifyUrl=https%3A%2F%2Fapis.copla.top%2Findex.php%2Fpay%2Fnotify&returnUrl=https%3A%2F%2Fcopla.top%2Frecharge.html&ip=72.60.234.87&title=%E5%85%85%E5%80%BC%E8%AE%A2%E5%8D%95&describe=%E7%94%A8%E6%88%B7%E5%85%85%E5%80%BC&sign=fac4c3452d14658b57a0f0c598de6c93
[18-Nov-2025 01:40:36 Asia/Shanghai] 支付网关原始响应: {"code":0,"message":"下单失败,请重新下单","data":null}
[18-Nov-2025 01:40:36 Asia/Shanghai] 支付网关解析后响应: {"code":0,"message":"下单失败,请重新下单","data":null}
[18-Nov-2025 01:40:36 Asia/Shanghai] 支付网关返回失败: 下单失败,请重新下单
[18-Nov-2025 01:40:36 Asia/Shanghai] 支付网关调用失败 [订单:RCH202511180140326320]: 下单失败,请重新下单
[18-Nov-2025 01:41:31 Asia/Shanghai] 支付订单回调地址: https://apis.copla.top/index.php/pay/notify
[18-Nov-2025 01:41:31 Asia/Shanghai] 检测到IPv6地址，已转换为IPv4: 72.60.234.87
[18-Nov-2025 01:41:31 Asia/Shanghai] 支付订单创建 [用户ID:1, 订单号:RCH202511180141311208, 金额:1111, 通道:S01, 回调:https://apis.copla.top/index.php/pay/notify, 跳转:https://copla.top/recharge.html]
[18-Nov-2025 01:41:31 Asia/Shanghai] 支付网关请求参数: {"merchantCode":"M1763172182","channelType":"S01","merchantOrderNo":"RCH202511180141311208","amount":"1111.00","notifyUrl":"https:\/\/apis.copla.top\/index.php\/pay\/notify","returnUrl":"https:\/\/copla.top\/recharge.html","ip":"72.60.234.87","title":"充值订单","describe":"用户充值"}
[18-Nov-2025 01:41:31 Asia/Shanghai] 支付网关签名字符串: amount=1111.00&channelType=S01&describe=用户充值&ip=72.60.234.87&merchantCode=M1763172182&merchantOrderNo=RCH202511180141311208&notifyUrl=https://apis.copla.top/index.php/pay/notify&returnUrl=https://copla.top/recharge.html&title=充值订单&key=3e4cbfb35a35787ccc98bd13027b4a02
[18-Nov-2025 01:41:31 Asia/Shanghai] 支付网关生成签名: bd800fe6ccd03b56f1895fd531381718
[18-Nov-2025 01:41:31 Asia/Shanghai] 支付网关签名后参数: {"merchantCode":"M1763172182","channelType":"S01","merchantOrderNo":"RCH202511180141311208","amount":"1111.00","notifyUrl":"https:\/\/apis.copla.top\/index.php\/pay\/notify","returnUrl":"https:\/\/copla.top\/recharge.html","ip":"72.60.234.87","title":"充值订单","describe":"用户充值","sign":"bd800fe6ccd03b56f1895fd531381718"}
[18-Nov-2025 01:41:31 Asia/Shanghai] 支付网关请求 [URL:https://sevenpay.lh.plus/api/pay/create]: {"merchantCode":"M1763172182","channelType":"S01","merchantOrderNo":"RCH202511180141311208","amount":"1111.00","notifyUrl":"https:\/\/apis.copla.top\/index.php\/pay\/notify","returnUrl":"https:\/\/copla.top\/recharge.html","ip":"72.60.234.87","title":"充值订单","describe":"用户充值","sign":"bd800fe6ccd03b56f1895fd531381718"}
[18-Nov-2025 01:41:31 Asia/Shanghai] 支付网关表单数据: merchantCode=M1763172182&channelType=S01&merchantOrderNo=RCH202511180141311208&amount=1111.00&notifyUrl=https%3A%2F%2Fapis.copla.top%2Findex.php%2Fpay%2Fnotify&returnUrl=https%3A%2F%2Fcopla.top%2Frecharge.html&ip=72.60.234.87&title=%E5%85%85%E5%80%BC%E8%AE%A2%E5%8D%95&describe=%E7%94%A8%E6%88%B7%E5%85%85%E5%80%BC&sign=bd800fe6ccd03b56f1895fd531381718
[18-Nov-2025 01:41:33 Asia/Shanghai] 支付网关原始响应: {"code":1,"message":"下单成功","data":{"payUrl":"https:\/\/open.alipay.hxgybu.cn\/cashier\/order\/2025111801413276807242545?t=29566082826060908","orderNo":"P17634012920936352787","expireTime":1763487692}}
[18-Nov-2025 01:41:33 Asia/Shanghai] 支付网关解析后响应: {"code":1,"message":"下单成功","data":{"payUrl":"https:\/\/open.alipay.hxgybu.cn\/cashier\/order\/2025111801413276807242545?t=29566082826060908","orderNo":"P17634012920936352787","expireTime":1763487692}}
[18-Nov-2025 01:41:33 Asia/Shanghai] 支付网关返回 [订单:RCH202511180141311208]: {"code":1,"message":"下单成功","data":{"payUrl":"https:\/\/open.alipay.hxgybu.cn\/cashier\/order\/2025111801413276807242545?t=29566082826060908","orderNo":"P17634012920936352787","expireTime":1763487692}}
[18-Nov-2025 01:41:33 Asia/Shanghai] 准备插入充值记录 [用户:1, 订单:RCH202511180141311208]: {"order_no":"RCH202511180141311208","user_id":1,"amount":1111,"currency":"CNY","payment_method":"alipay","status":0,"meta":"{\"ip\":\"172.68.23.118\",\"user_agent\":\"Mozilla\\\/5.0 (iPhone; CPU iPhone OS 26_0_1 like Mac OS X) AppleWebKit\\\/605.1.15 (KHTML, like Gecko) CriOS\\\/142.0.7444.148 Mobile\\\/15E148 Safari\\\/604.1\",\"channel\":\"S01\",\"channel_name\":\"支付宝小额原生\",\"payment_gateway\":\"sevenpay\",\"gateway_order_no\":\"P17634012920936352787\",\"gateway_response\":{\"code\":1,\"message\":\"下单成功\",\"data\":{\"payUrl\":\"https:\\\/\\\/open.alipay.hxgybu.cn\\\/cashier\\\/order\\\/2025111801413276807242545?t=29566082826060908\",\"orderNo\":\"P17634012920936352787\",\"expireTime\":1763487692}},\"pay_url\":\"https:\\\/\\\/open.alipay.hxgybu.cn\\\/cashier\\\/order\\\/2025111801413276807242545?t=29566082826060908\",\"qr_code\":\"\",\"expire_time\":1763487692,\"timestamp\":1763401293}","created_at":"2025-11-18 01:41:33"}
[18-Nov-2025 01:41:33 Asia/Shanghai] 充值记录插入成功 [ID:23, 用户:1, 订单:RCH202511180141311208]
[18-Nov-2025 02:45:27 Asia/Shanghai] 支付回调通知: {"time":"2025-11-18 02:45:27","ip":"172.68.211.69","method":"GET","content_type":"","raw_data":"","raw_data_length":0,"get":[],"post":[],"headers":{"Host":"apis.copla.top","Connection":"Keep-Alive","X-Forwarded-Proto":"https","Cf-Visitor":"{\"scheme\":\"https\"}","Cf-Ipcountry":"MM","Cf-Connecting-Ip":"2406:2d40:6359:110:91b7:2ad3:5b84:4487","Cdn-Loop":"cloudflare; loops=1","Sec-Fetch-Mode":"navigate","Sec-Fetch-Site":"none","Accept":"text\/html,application\/xhtml+xml,application\/xml;q=0.9,image\/avif,image\/webp,image\/apng,*\/*;q=0.8,application\/signed-exchange;v=b3;q=0.7","User-Agent":"Mozilla\/5.0 (Macintosh; Intel Mac OS X 10_15_7) AppleWebKit\/537.36 (KHTML, like Gecko) Chrome\/142.0.0.0 Safari\/537.36","Upgrade-Insecure-Requests":"1","Dnt":"1","Sec-Ch-Ua-Platform":"\"macOS\"","Sec-Ch-Ua-Mobile":"?0","Sec-Ch-Ua":"\"Chromium\";v=\"142\", \"Google Chrome\";v=\"142\", \"Not_A Brand\";v=\"99\"","Accept-Encoding":"gzip, br","Cf-Ray":"9a01629c2b280dc3-HKG","Accept-Language":"zh-CN,zh;q=0.9","Priority":"u=0, i","Sec-Fetch-Dest":"document","Sec-Fetch-User":"?1","X-Forwarded-For":"2406:2d40:6359:110:91b7:2ad3:5b84:4487","Content-Length":"","Content-Type":""}}
[18-Nov-2025 02:45:27 Asia/Shanghai] 支付回调：收到GET请求，可能是测试回调地址
[18-Nov-2025 02:47:43 Asia/Shanghai] 支付回调通知: {"time":"2025-11-18 02:47:43","ip":"172.68.211.69","method":"GET","content_type":"","raw_data":"","raw_data_length":0,"get":[],"post":[],"headers":{"Host":"apis.copla.top","Connection":"Keep-Alive","X-Forwarded-Proto":"https","Cf-Visitor":"{\"scheme\":\"https\"}","Cf-Ipcountry":"MM","Cf-Connecting-Ip":"2406:2d40:6359:110:91b7:2ad3:5b84:4487","Cdn-Loop":"cloudflare; loops=1","Sec-Fetch-Mode":"navigate","Sec-Fetch-Site":"none","Accept":"text\/html,application\/xhtml+xml,application\/xml;q=0.9,image\/avif,image\/webp,image\/apng,*\/*;q=0.8,application\/signed-exchange;v=b3;q=0.7","User-Agent":"Mozilla\/5.0 (Macintosh; Intel Mac OS X 10_15_7) AppleWebKit\/537.36 (KHTML, like Gecko) Chrome\/142.0.0.0 Safari\/537.36","Upgrade-Insecure-Requests":"1","Dnt":"1","Sec-Ch-Ua-Platform":"\"macOS\"","Sec-Ch-Ua-Mobile":"?0","Sec-Ch-Ua":"\"Chromium\";v=\"142\", \"Google Chrome\";v=\"142\", \"Not_A Brand\";v=\"99\"","Accept-Encoding":"gzip, br","Cf-Ray":"9a0165f18bea0dc3-HKG","Accept-Language":"zh-CN,zh;q=0.9","Priority":"u=0, i","Sec-Fetch-Dest":"document","Sec-Fetch-User":"?1","X-Forwarded-For":"2406:2d40:6359:110:91b7:2ad3:5b84:4487","Content-Length":"","Content-Type":""}}
[18-Nov-2025 02:47:43 Asia/Shanghai] 支付回调：收到GET请求，可能是测试回调地址
[18-Nov-2025 02:49:16 Asia/Shanghai] 支付回调通知: {"time":"2025-11-18 02:49:16","ip":"162.158.193.32","method":"GET","content_type":"","raw_data":"","raw_data_length":0,"get":[],"post":[],"headers":{"Host":"apis.copla.top","Connection":"Keep-Alive","X-Forwarded-Proto":"https","Cf-Visitor":"{\"scheme\":\"https\"}","Cf-Ipcountry":"MM","Cf-Connecting-Ip":"2406:2d40:6359:110:91b7:2ad3:5b84:4487","Cdn-Loop":"cloudflare; loops=1","Cf-Ray":"9a016838ad400655-HKG","X-Forwarded-For":"2406:2d40:6359:110:91b7:2ad3:5b84:4487","Accept-Language":"zh-CN,zh;q=0.9","Accept-Encoding":"gzip, br","Sec-Fetch-Dest":"document","Sec-Fetch-User":"?1","Sec-Fetch-Mode":"navigate","Sec-Fetch-Site":"none","Accept":"text\/html,application\/xhtml+xml,application\/xml;q=0.9,image\/avif,image\/webp,image\/apng,*\/*;q=0.8,application\/signed-exchange;v=b3;q=0.7","User-Agent":"Mozilla\/5.0 (Macintosh; Intel Mac OS X 10_15_7) AppleWebKit\/537.36 (KHTML, like Gecko) Chrome\/142.0.0.0 Safari\/537.36","Upgrade-Insecure-Requests":"1","Dnt":"1","Sec-Ch-Ua-Platform":"\"macOS\"","Sec-Ch-Ua-Mobile":"?0","Sec-Ch-Ua":"\"Chromium\";v=\"142\", \"Google Chrome\";v=\"142\", \"Not_A Brand\";v=\"99\"","Priority":"u=0, i","Content-Length":"","Content-Type":""}}
[18-Nov-2025 02:49:16 Asia/Shanghai] 支付回调：收到GET请求，可能是测试回调地址
[18-Nov-2025 03:18:46 Asia/Shanghai] 支付回调通知: {"time":"2025-11-18 03:18:46","ip":"172.71.210.241","method":"GET","content_type":"","raw_data":"","raw_data_length":0,"get":[],"post":[],"headers":{"Host":"apis.copla.top","Connection":"Keep-Alive","X-Forwarded-Proto":"https","Cf-Visitor":"{\"scheme\":\"https\"}","Cf-Ipcountry":"MM","Cf-Connecting-Ip":"2406:2d40:6359:110:91b7:2ad3:5b84:4487","Cdn-Loop":"cloudflare; loops=1","Sec-Fetch-Mode":"navigate","Sec-Fetch-Site":"none","Accept":"text\/html,application\/xhtml+xml,application\/xml;q=0.9,image\/avif,image\/webp,image\/apng,*\/*;q=0.8,application\/signed-exchange;v=b3;q=0.7","User-Agent":"Mozilla\/5.0 (Macintosh; Intel Mac OS X 10_15_7) AppleWebKit\/537.36 (KHTML, like Gecko) Chrome\/142.0.0.0 Safari\/537.36","Upgrade-Insecure-Requests":"1","Dnt":"1","Sec-Ch-Ua-Platform":"\"macOS\"","Sec-Ch-Ua-Mobile":"?0","Sec-Ch-Ua":"\"Chromium\";v=\"142\", \"Google Chrome\";v=\"142\", \"Not_A Brand\";v=\"99\"","Accept-Encoding":"gzip, br","Cf-Ray":"9a01936b3d660ec0-HKG","Accept-Language":"zh-CN,zh;q=0.9","Priority":"u=0, i","Sec-Fetch-Dest":"document","Sec-Fetch-User":"?1","X-Forwarded-For":"2406:2d40:6359:110:91b7:2ad3:5b84:4487","Content-Length":"","Content-Type":""}}
[18-Nov-2025 03:18:46 Asia/Shanghai] 支付回调：收到GET请求，可能是测试回调地址
[18-Nov-2025 03:21:07 Asia/Shanghai] 支付回调通知: {"time":"2025-11-18 03:21:07","ip":"104.23.213.117","method":"HEAD","content_type":"","raw_data":"","raw_data_length":0,"get":[],"post":[],"headers":{"Connection":"Keep-Alive","X-Forwarded-Proto":"https","Cf-Visitor":"{\"scheme\":\"https\"}","Cf-Ipcountry":"US","Cf-Connecting-Ip":"98.81.67.150","Cdn-Loop":"cloudflare; loops=1","User-Agent":"got (https:\/\/github.com\/sindresorhus\/got)","Accept-Encoding":"gzip, br","X-Forwarded-For":"98.81.67.150","Cf-Ray":"9a0196de4a732a30-IAD","Host":"apis.copla.top","Content-Length":"","Content-Type":""}}
[18-Nov-2025 03:21:07 Asia/Shanghai] 支付回调：回调数据为空，请求方法: HEAD
[18-Nov-2025 03:21:08 Asia/Shanghai] 支付回调通知: {"time":"2025-11-18 03:21:08","ip":"162.158.78.130","method":"GET","content_type":"","raw_data":"","raw_data_length":0,"get":[],"post":[],"headers":{"Connection":"Keep-Alive","X-Forwarded-Proto":"https","Cf-Visitor":"{\"scheme\":\"https\"}","Cf-Ipcountry":"US","Cf-Connecting-Ip":"98.81.67.150","Cdn-Loop":"cloudflare; loops=1","User-Agent":"got (https:\/\/github.com\/sindresorhus\/got)","Accept-Encoding":"gzip, br","X-Forwarded-For":"98.81.67.150","Cf-Ray":"9a0196e1eb29ea36-IAD","Host":"apis.copla.top","Content-Length":"","Content-Type":""}}
[18-Nov-2025 03:21:08 Asia/Shanghai] 支付回调：收到GET请求，可能是测试回调地址
[18-Nov-2025 06:36:53 Asia/Shanghai] 支付回调通知: {"time":"2025-11-18 06:36:53","ip":"162.158.193.32","method":"GET","content_type":"","raw_data":"","raw_data_length":0,"get":[],"post":[],"headers":{"Host":"apis.copla.top","Connection":"Keep-Alive","X-Forwarded-Proto":"https","Cf-Visitor":"{\"scheme\":\"https\"}","Cf-Ipcountry":"MM","Cf-Connecting-Ip":"129.224.203.92","Cdn-Loop":"cloudflare; loops=1","Cf-Ray":"9a02b5a4fbbd0671-HKG","X-Forwarded-For":"129.224.203.92","Accept-Language":"zh-CN,zh;q=0.9","Accept-Encoding":"gzip, br","Sec-Fetch-Dest":"document","Sec-Fetch-User":"?1","Sec-Fetch-Mode":"navigate","Sec-Fetch-Site":"none","Accept":"text\/html,application\/xhtml+xml,application\/xml;q=0.9,image\/avif,image\/webp,image\/apng,*\/*;q=0.8,application\/signed-exchange;v=b3;q=0.7","User-Agent":"Mozilla\/5.0 (Macintosh; Intel Mac OS X 10_15_7) AppleWebKit\/537.36 (KHTML, like Gecko) Chrome\/142.0.0.0 Safari\/537.36","Upgrade-Insecure-Requests":"1","Dnt":"1","Sec-Ch-Ua-Platform":"\"macOS\"","Sec-Ch-Ua-Mobile":"?0","Sec-Ch-Ua":"\"Chromium\";v=\"142\", \"Google Chrome\";v=\"142\", \"Not_A Brand\";v=\"99\"","Priority":"u=0, i","Content-Length":"","Content-Type":""}}
[18-Nov-2025 06:36:53 Asia/Shanghai] 支付回调：收到GET请求，可能是测试回调地址
[18-Nov-2025 06:38:21 Asia/Shanghai] 支付订单回调地址: https://apis.copla.top/index.php/pay/notify
[18-Nov-2025 06:38:21 Asia/Shanghai] 支付订单创建 [用户ID:1, 订单号:RCH202511180638212964, 金额:111, 通道:S02, 回调:https://apis.copla.top/index.php/pay/notify, 跳转:https://copla.top/recharge.html]
[18-Nov-2025 06:38:21 Asia/Shanghai] 支付网关请求参数: {"merchantCode":"M1763172182","channelType":"S02","merchantOrderNo":"RCH202511180638212964","amount":"111.00","notifyUrl":"https:\/\/apis.copla.top\/index.php\/pay\/notify","returnUrl":"https:\/\/copla.top\/recharge.html","ip":"129.224.203.92","title":"充值订单","describe":"用户充值"}
[18-Nov-2025 06:38:21 Asia/Shanghai] 支付网关签名字符串: amount=111.00&channelType=S02&describe=用户充值&ip=129.224.203.92&merchantCode=M1763172182&merchantOrderNo=RCH202511180638212964&notifyUrl=https://apis.copla.top/index.php/pay/notify&returnUrl=https://copla.top/recharge.html&title=充值订单&key=3e4cbfb35a35787ccc98bd13027b4a02
[18-Nov-2025 06:38:21 Asia/Shanghai] 支付网关生成签名: d9910edb90b86222d57421916228d524
[18-Nov-2025 06:38:21 Asia/Shanghai] 支付网关签名后参数: {"merchantCode":"M1763172182","channelType":"S02","merchantOrderNo":"RCH202511180638212964","amount":"111.00","notifyUrl":"https:\/\/apis.copla.top\/index.php\/pay\/notify","returnUrl":"https:\/\/copla.top\/recharge.html","ip":"129.224.203.92","title":"充值订单","describe":"用户充值","sign":"d9910edb90b86222d57421916228d524"}
[18-Nov-2025 06:38:21 Asia/Shanghai] 支付网关请求 [URL:https://sevenpay.lh.plus/api/pay/create]: {"merchantCode":"M1763172182","channelType":"S02","merchantOrderNo":"RCH202511180638212964","amount":"111.00","notifyUrl":"https:\/\/apis.copla.top\/index.php\/pay\/notify","returnUrl":"https:\/\/copla.top\/recharge.html","ip":"129.224.203.92","title":"充值订单","describe":"用户充值","sign":"d9910edb90b86222d57421916228d524"}
[18-Nov-2025 06:38:21 Asia/Shanghai] 支付网关表单数据: merchantCode=M1763172182&channelType=S02&merchantOrderNo=RCH202511180638212964&amount=111.00&notifyUrl=https%3A%2F%2Fapis.copla.top%2Findex.php%2Fpay%2Fnotify&returnUrl=https%3A%2F%2Fcopla.top%2Frecharge.html&ip=129.224.203.92&title=%E5%85%85%E5%80%BC%E8%AE%A2%E5%8D%95&describe=%E7%94%A8%E6%88%B7%E5%85%85%E5%80%BC&sign=d9910edb90b86222d57421916228d524
[18-Nov-2025 06:38:25 Asia/Shanghai] 支付网关原始响应: {"code":0,"message":"下单失败,请重新下单","data":null}
[18-Nov-2025 06:38:25 Asia/Shanghai] 支付网关解析后响应: {"code":0,"message":"下单失败,请重新下单","data":null}
[18-Nov-2025 06:38:25 Asia/Shanghai] 支付网关返回失败: 下单失败,请重新下单
[18-Nov-2025 06:38:25 Asia/Shanghai] 支付网关调用失败 [订单:RCH202511180638212964]: 下单失败,请重新下单
[18-Nov-2025 06:49:43 Asia/Shanghai] SQL Error: SQLSTATE[42S22]: Column not found: 1054 Unknown column 'invest_amount' in 'field list'
[18-Nov-2025 06:49:45 Asia/Shanghai] SQL Error: SQLSTATE[42S22]: Column not found: 1054 Unknown column 'invest_amount' in 'field list'
[18-Nov-2025 07:51:56 Asia/Shanghai] SQL Error: SQLSTATE[42S22]: Column not found: 1054 Unknown column 'invest_amount' in 'field list'
[18-Nov-2025 07:58:22 Asia/Shanghai] PHP Warning:  Undefined array key "user_id" in /www/wwwroot/copla/providence-admin/api/user/info.php on line 14
[18-Nov-2025 07:58:23 Asia/Shanghai] PHP Warning:  Undefined array key "user_id" in /www/wwwroot/copla/providence-admin/api/user/invite.php on line 16
[18-Nov-2025 07:58:23 Asia/Shanghai] PHP Warning:  Undefined array key "user_id" in /www/wwwroot/copla/providence-admin/api/user/invite.php on line 19
[18-Nov-2025 07:58:23 Asia/Shanghai] PHP Warning:  Undefined array key "user_id" in /www/wwwroot/copla/providence-admin/api/user/team-info.php on line 13
[18-Nov-2025 07:58:29 Asia/Shanghai] PHP Warning:  Undefined array key "user_id" in /www/wwwroot/copla/providence-admin/api/user/info.php on line 14
[18-Nov-2025 07:58:29 Asia/Shanghai] PHP Warning:  Undefined array key "user_id" in /www/wwwroot/copla/providence-admin/api/user/info.php on line 14
[18-Nov-2025 07:58:35 Asia/Shanghai] PHP Warning:  Undefined array key "user_id" in /www/wwwroot/copla/providence-admin/api/user/info.php on line 14
[18-Nov-2025 07:58:36 Asia/Shanghai] PHP Warning:  Undefined array key "user_id" in /www/wwwroot/copla/providence-admin/api/user/info.php on line 14
[18-Nov-2025 07:58:45 Asia/Shanghai] PHP Warning:  Undefined array key "user_id" in /www/wwwroot/copla/providence-admin/api/user/info.php on line 14
[18-Nov-2025 07:58:45 Asia/Shanghai] PHP Warning:  Undefined array key "user_id" in /www/wwwroot/copla/providence-admin/api/user/info.php on line 14
[18-Nov-2025 07:59:19 Asia/Shanghai] PHP Warning:  Undefined array key "user_id" in /www/wwwroot/copla/providence-admin/api/user/info.php on line 14
[18-Nov-2025 07:59:19 Asia/Shanghai] PHP Warning:  Undefined array key "user_id" in /www/wwwroot/copla/providence-admin/api/user/info.php on line 14
[18-Nov-2025 07:59:23 Asia/Shanghai] PHP Warning:  Undefined array key "user_id" in /www/wwwroot/copla/providence-admin/api/user/info.php on line 14
[18-Nov-2025 07:59:45 Asia/Shanghai] PHP Warning:  Undefined array key "user_id" in /www/wwwroot/copla/providence-admin/api/user/info.php on line 14
[18-Nov-2025 07:59:45 Asia/Shanghai] PHP Warning:  Undefined array key "user_id" in /www/wwwroot/copla/providence-admin/api/user/invite.php on line 16
[18-Nov-2025 07:59:45 Asia/Shanghai] PHP Warning:  Undefined array key "user_id" in /www/wwwroot/copla/providence-admin/api/user/invite.php on line 19
[18-Nov-2025 07:59:45 Asia/Shanghai] PHP Warning:  Undefined array key "user_id" in /www/wwwroot/copla/providence-admin/api/user/team-info.php on line 13
[18-Nov-2025 07:59:50 Asia/Shanghai] PHP Warning:  Undefined array key "user_id" in /www/wwwroot/copla/providence-admin/api/user/info.php on line 14
[18-Nov-2025 07:59:50 Asia/Shanghai] PHP Warning:  Undefined array key "user_id" in /www/wwwroot/copla/providence-admin/api/user/info.php on line 14
[18-Nov-2025 08:00:12 Asia/Shanghai] PHP Warning:  Undefined array key "user_id" in /www/wwwroot/copla/providence-admin/api/user/info.php on line 14
[18-Nov-2025 08:00:13 Asia/Shanghai] PHP Warning:  Undefined array key "user_id" in /www/wwwroot/copla/providence-admin/api/user/info.php on line 14
[18-Nov-2025 08:00:34 Asia/Shanghai] PHP Warning:  Undefined array key "user_id" in /www/wwwroot/copla/providence-admin/api/user/info.php on line 14
[18-Nov-2025 08:00:39 Asia/Shanghai] PHP Warning:  Undefined array key "user_id" in /www/wwwroot/copla/providence-admin/api/user/info.php on line 14
[18-Nov-2025 08:00:39 Asia/Shanghai] PHP Warning:  Undefined array key "user_id" in /www/wwwroot/copla/providence-admin/api/user/info.php on line 14
[18-Nov-2025 08:00:50 Asia/Shanghai] PHP Warning:  Undefined array key "user_id" in /www/wwwroot/copla/providence-admin/api/user/info.php on line 14
[18-Nov-2025 08:00:50 Asia/Shanghai] PHP Warning:  Undefined array key "user_id" in /www/wwwroot/copla/providence-admin/api/user/info.php on line 14
[18-Nov-2025 08:01:16 Asia/Shanghai] PHP Warning:  Undefined array key "user_id" in /www/wwwroot/copla/providence-admin/api/user/info.php on line 14
[18-Nov-2025 08:01:16 Asia/Shanghai] PHP Warning:  Undefined array key "user_id" in /www/wwwroot/copla/providence-admin/api/user/info.php on line 14
[18-Nov-2025 08:01:46 Asia/Shanghai] PHP Warning:  Undefined array key "user_id" in /www/wwwroot/copla/providence-admin/api/user/info.php on line 14
[18-Nov-2025 08:01:58 Asia/Shanghai] PHP Warning:  Undefined array key "user_id" in /www/wwwroot/copla/providence-admin/api/user/info.php on line 14
[18-Nov-2025 08:02:05 Asia/Shanghai] PHP Warning:  Undefined array key "user_id" in /www/wwwroot/copla/providence-admin/api/user/info.php on line 14
[18-Nov-2025 08:02:15 Asia/Shanghai] PHP Warning:  Undefined array key "user_id" in /www/wwwroot/copla/providence-admin/api/user/info.php on line 14
[18-Nov-2025 08:02:20 Asia/Shanghai] PHP Warning:  Undefined array key "user_id" in /www/wwwroot/copla/providence-admin/api/user/info.php on line 14
[18-Nov-2025 08:02:20 Asia/Shanghai] PHP Warning:  Undefined array key "user_id" in /www/wwwroot/copla/providence-admin/api/user/info.php on line 14
[18-Nov-2025 08:02:29 Asia/Shanghai] PHP Warning:  Undefined array key "user_id" in /www/wwwroot/copla/providence-admin/api/user/info.php on line 14
[18-Nov-2025 08:02:29 Asia/Shanghai] PHP Warning:  Undefined array key "user_id" in /www/wwwroot/copla/providence-admin/api/user/info.php on line 14
[18-Nov-2025 08:03:06 Asia/Shanghai] PHP Warning:  Undefined array key "user_id" in /www/wwwroot/copla/providence-admin/api/user/info.php on line 14
[18-Nov-2025 08:03:07 Asia/Shanghai] PHP Warning:  Undefined array key "user_id" in /www/wwwroot/copla/providence-admin/api/user/info.php on line 14
[18-Nov-2025 08:03:15 Asia/Shanghai] PHP Warning:  Undefined array key "user_id" in /www/wwwroot/copla/providence-admin/api/user/info.php on line 14
[18-Nov-2025 08:03:15 Asia/Shanghai] PHP Warning:  Undefined array key "user_id" in /www/wwwroot/copla/providence-admin/api/user/invite.php on line 16
[18-Nov-2025 08:03:15 Asia/Shanghai] PHP Warning:  Undefined array key "user_id" in /www/wwwroot/copla/providence-admin/api/user/invite.php on line 19
[18-Nov-2025 08:03:16 Asia/Shanghai] PHP Warning:  Undefined array key "user_id" in /www/wwwroot/copla/providence-admin/api/user/team-info.php on line 13
[18-Nov-2025 08:03:22 Asia/Shanghai] PHP Warning:  Undefined array key "user_id" in /www/wwwroot/copla/providence-admin/api/user/info.php on line 14
[18-Nov-2025 08:03:23 Asia/Shanghai] PHP Warning:  Undefined array key "user_id" in /www/wwwroot/copla/providence-admin/api/user/invite.php on line 16
[18-Nov-2025 08:03:23 Asia/Shanghai] PHP Warning:  Undefined array key "user_id" in /www/wwwroot/copla/providence-admin/api/user/invite.php on line 19
[18-Nov-2025 08:03:23 Asia/Shanghai] PHP Warning:  Undefined array key "user_id" in /www/wwwroot/copla/providence-admin/api/user/team-info.php on line 13
[18-Nov-2025 08:03:26 Asia/Shanghai] PHP Warning:  Undefined array key "user_id" in /www/wwwroot/copla/providence-admin/api/user/info.php on line 14
[18-Nov-2025 08:03:27 Asia/Shanghai] PHP Warning:  Undefined array key "user_id" in /www/wwwroot/copla/providence-admin/api/user/info.php on line 14
[18-Nov-2025 08:03:28 Asia/Shanghai] PHP Warning:  Undefined array key "user_id" in /www/wwwroot/copla/providence-admin/api/user/info.php on line 14
[18-Nov-2025 08:03:31 Asia/Shanghai] PHP Warning:  Undefined array key "user_id" in /www/wwwroot/copla/providence-admin/api/user/info.php on line 14
[18-Nov-2025 08:03:32 Asia/Shanghai] PHP Warning:  Undefined array key "user_id" in /www/wwwroot/copla/providence-admin/api/user/info.php on line 14
[18-Nov-2025 08:03:39 Asia/Shanghai] PHP Warning:  Undefined array key "user_id" in /www/wwwroot/copla/providence-admin/api/user/info.php on line 14
[18-Nov-2025 08:03:43 Asia/Shanghai] PHP Warning:  Undefined array key "user_id" in /www/wwwroot/copla/providence-admin/api/user/info.php on line 14
[18-Nov-2025 08:03:44 Asia/Shanghai] PHP Warning:  Undefined array key "user_id" in /www/wwwroot/copla/providence-admin/api/user/info.php on line 14
[18-Nov-2025 08:04:24 Asia/Shanghai] PHP Warning:  Undefined array key "user_id" in /www/wwwroot/copla/providence-admin/api/user/info.php on line 14
[18-Nov-2025 08:04:27 Asia/Shanghai] PHP Warning:  Undefined array key "user_id" in /www/wwwroot/copla/providence-admin/api/user/info.php on line 14
[18-Nov-2025 08:04:32 Asia/Shanghai] PHP Warning:  Undefined array key "user_id" in /www/wwwroot/copla/providence-admin/api/user/info.php on line 14
[18-Nov-2025 08:04:33 Asia/Shanghai] PHP Warning:  Undefined array key "user_id" in /www/wwwroot/copla/providence-admin/api/user/info.php on line 14
[18-Nov-2025 08:04:39 Asia/Shanghai] PHP Warning:  Undefined array key "user_id" in /www/wwwroot/copla/providence-admin/api/user/info.php on line 14
[18-Nov-2025 08:04:39 Asia/Shanghai] PHP Warning:  Undefined array key "user_id" in /www/wwwroot/copla/providence-admin/api/user/invite.php on line 16
[18-Nov-2025 08:04:39 Asia/Shanghai] PHP Warning:  Undefined array key "user_id" in /www/wwwroot/copla/providence-admin/api/user/invite.php on line 19
[18-Nov-2025 08:04:40 Asia/Shanghai] PHP Warning:  Undefined array key "user_id" in /www/wwwroot/copla/providence-admin/api/user/team-info.php on line 13
[18-Nov-2025 08:04:55 Asia/Shanghai] PHP Warning:  Undefined array key "user_id" in /www/wwwroot/copla/providence-admin/api/user/info.php on line 14
[18-Nov-2025 08:04:55 Asia/Shanghai] PHP Warning:  Undefined array key "user_id" in /www/wwwroot/copla/providence-admin/api/user/invite.php on line 16
[18-Nov-2025 08:04:55 Asia/Shanghai] PHP Warning:  Undefined array key "user_id" in /www/wwwroot/copla/providence-admin/api/user/invite.php on line 19
[18-Nov-2025 08:05:05 Asia/Shanghai] PHP Warning:  Undefined array key "user_id" in /www/wwwroot/copla/providence-admin/api/user/info.php on line 14
[18-Nov-2025 08:05:06 Asia/Shanghai] PHP Warning:  Undefined array key "user_id" in /www/wwwroot/copla/providence-admin/api/user/invite.php on line 16
[18-Nov-2025 08:05:06 Asia/Shanghai] PHP Warning:  Undefined array key "user_id" in /www/wwwroot/copla/providence-admin/api/user/invite.php on line 19
[18-Nov-2025 08:05:06 Asia/Shanghai] PHP Warning:  Undefined array key "user_id" in /www/wwwroot/copla/providence-admin/api/user/team-info.php on line 13
[18-Nov-2025 08:05:30 Asia/Shanghai] PHP Warning:  Undefined array key "user_id" in /www/wwwroot/copla/providence-admin/api/user/info.php on line 14
[18-Nov-2025 08:05:30 Asia/Shanghai] PHP Warning:  Undefined array key "user_id" in /www/wwwroot/copla/providence-admin/api/user/invite.php on line 16
[18-Nov-2025 08:05:30 Asia/Shanghai] PHP Warning:  Undefined array key "user_id" in /www/wwwroot/copla/providence-admin/api/user/invite.php on line 19
[18-Nov-2025 08:05:30 Asia/Shanghai] PHP Warning:  Undefined array key "user_id" in /www/wwwroot/copla/providence-admin/api/user/team-info.php on line 13
[18-Nov-2025 08:05:55 Asia/Shanghai] PHP Warning:  Undefined array key "user_id" in /www/wwwroot/copla/providence-admin/api/user/info.php on line 14
[18-Nov-2025 08:05:57 Asia/Shanghai] PHP Warning:  Undefined array key "user_id" in /www/wwwroot/copla/providence-admin/api/user/invite.php on line 16
[18-Nov-2025 08:05:57 Asia/Shanghai] PHP Warning:  Undefined array key "user_id" in /www/wwwroot/copla/providence-admin/api/user/invite.php on line 19
[18-Nov-2025 08:05:57 Asia/Shanghai] PHP Warning:  Undefined array key "user_id" in /www/wwwroot/copla/providence-admin/api/user/team-info.php on line 13
[18-Nov-2025 08:05:59 Asia/Shanghai] PHP Warning:  Undefined array key "user_id" in /www/wwwroot/copla/providence-admin/api/user/info.php on line 14
[18-Nov-2025 08:05:59 Asia/Shanghai] PHP Warning:  Undefined array key "user_id" in /www/wwwroot/copla/providence-admin/api/user/invite.php on line 16
[18-Nov-2025 08:05:59 Asia/Shanghai] PHP Warning:  Undefined array key "user_id" in /www/wwwroot/copla/providence-admin/api/user/invite.php on line 19
[18-Nov-2025 08:06:00 Asia/Shanghai] PHP Warning:  Undefined array key "user_id" in /www/wwwroot/copla/providence-admin/api/user/team-info.php on line 13
[18-Nov-2025 08:15:09 Asia/Shanghai] 支付订单回调地址: https://apis.copla.top/index.php/pay/notify
[18-Nov-2025 08:15:09 Asia/Shanghai] 检测到IPv6地址，已转换为IPv4: 72.60.234.87
[18-Nov-2025 08:15:09 Asia/Shanghai] 支付订单创建 [用户ID:1, 订单号:RCH202511180815092123, 金额:111, 通道:S02, 回调:https://apis.copla.top/index.php/pay/notify, 跳转:https://copla.top/recharge.html]
[18-Nov-2025 08:15:09 Asia/Shanghai] 支付网关请求参数: {"merchantCode":"M1763172182","channelType":"S02","merchantOrderNo":"RCH202511180815092123","amount":"111.00","notifyUrl":"https:\/\/apis.copla.top\/index.php\/pay\/notify","returnUrl":"https:\/\/copla.top\/recharge.html","ip":"72.60.234.87","title":"充值订单","describe":"用户充值"}
[18-Nov-2025 08:15:09 Asia/Shanghai] 支付网关签名字符串: amount=111.00&channelType=S02&describe=用户充值&ip=72.60.234.87&merchantCode=M1763172182&merchantOrderNo=RCH202511180815092123&notifyUrl=https://apis.copla.top/index.php/pay/notify&returnUrl=https://copla.top/recharge.html&title=充值订单&key=3e4cbfb35a35787ccc98bd13027b4a02
[18-Nov-2025 08:15:09 Asia/Shanghai] 支付网关生成签名: 33464f8944b78853e6ada2dbc21a2b61
[18-Nov-2025 08:15:09 Asia/Shanghai] 支付网关签名后参数: {"merchantCode":"M1763172182","channelType":"S02","merchantOrderNo":"RCH202511180815092123","amount":"111.00","notifyUrl":"https:\/\/apis.copla.top\/index.php\/pay\/notify","returnUrl":"https:\/\/copla.top\/recharge.html","ip":"72.60.234.87","title":"充值订单","describe":"用户充值","sign":"33464f8944b78853e6ada2dbc21a2b61"}
[18-Nov-2025 08:15:09 Asia/Shanghai] 支付网关请求 [URL:https://sevenpay.lh.plus/api/pay/create]: {"merchantCode":"M1763172182","channelType":"S02","merchantOrderNo":"RCH202511180815092123","amount":"111.00","notifyUrl":"https:\/\/apis.copla.top\/index.php\/pay\/notify","returnUrl":"https:\/\/copla.top\/recharge.html","ip":"72.60.234.87","title":"充值订单","describe":"用户充值","sign":"33464f8944b78853e6ada2dbc21a2b61"}
[18-Nov-2025 08:15:09 Asia/Shanghai] 支付网关表单数据: merchantCode=M1763172182&channelType=S02&merchantOrderNo=RCH202511180815092123&amount=111.00&notifyUrl=https%3A%2F%2Fapis.copla.top%2Findex.php%2Fpay%2Fnotify&returnUrl=https%3A%2F%2Fcopla.top%2Frecharge.html&ip=72.60.234.87&title=%E5%85%85%E5%80%BC%E8%AE%A2%E5%8D%95&describe=%E7%94%A8%E6%88%B7%E5%85%85%E5%80%BC&sign=33464f8944b78853e6ada2dbc21a2b61
[18-Nov-2025 08:15:13 Asia/Shanghai] 支付网关原始响应: {"code":0,"message":"下单失败,请重新下单","data":null}
[18-Nov-2025 08:15:13 Asia/Shanghai] 支付网关解析后响应: {"code":0,"message":"下单失败,请重新下单","data":null}
[18-Nov-2025 08:15:13 Asia/Shanghai] 支付网关返回失败: 下单失败,请重新下单
[18-Nov-2025 08:15:13 Asia/Shanghai] 支付网关调用失败 [订单:RCH202511180815092123]: 下单失败,请重新下单
[18-Nov-2025 08:15:17 Asia/Shanghai] 支付订单回调地址: https://apis.copla.top/index.php/pay/notify
[18-Nov-2025 08:15:17 Asia/Shanghai] 检测到IPv6地址，已转换为IPv4: 72.60.234.87
[18-Nov-2025 08:15:17 Asia/Shanghai] 支付订单创建 [用户ID:1, 订单号:RCH202511180815174565, 金额:111, 通道:S01, 回调:https://apis.copla.top/index.php/pay/notify, 跳转:https://copla.top/recharge.html]
[18-Nov-2025 08:15:17 Asia/Shanghai] 支付网关请求参数: {"merchantCode":"M1763172182","channelType":"S01","merchantOrderNo":"RCH202511180815174565","amount":"111.00","notifyUrl":"https:\/\/apis.copla.top\/index.php\/pay\/notify","returnUrl":"https:\/\/copla.top\/recharge.html","ip":"72.60.234.87","title":"充值订单","describe":"用户充值"}
[18-Nov-2025 08:15:17 Asia/Shanghai] 支付网关签名字符串: amount=111.00&channelType=S01&describe=用户充值&ip=72.60.234.87&merchantCode=M1763172182&merchantOrderNo=RCH202511180815174565&notifyUrl=https://apis.copla.top/index.php/pay/notify&returnUrl=https://copla.top/recharge.html&title=充值订单&key=3e4cbfb35a35787ccc98bd13027b4a02
[18-Nov-2025 08:15:17 Asia/Shanghai] 支付网关生成签名: 66245f592cc314e840234b804aa71e9f
[18-Nov-2025 08:15:17 Asia/Shanghai] 支付网关签名后参数: {"merchantCode":"M1763172182","channelType":"S01","merchantOrderNo":"RCH202511180815174565","amount":"111.00","notifyUrl":"https:\/\/apis.copla.top\/index.php\/pay\/notify","returnUrl":"https:\/\/copla.top\/recharge.html","ip":"72.60.234.87","title":"充值订单","describe":"用户充值","sign":"66245f592cc314e840234b804aa71e9f"}
[18-Nov-2025 08:15:17 Asia/Shanghai] 支付网关请求 [URL:https://sevenpay.lh.plus/api/pay/create]: {"merchantCode":"M1763172182","channelType":"S01","merchantOrderNo":"RCH202511180815174565","amount":"111.00","notifyUrl":"https:\/\/apis.copla.top\/index.php\/pay\/notify","returnUrl":"https:\/\/copla.top\/recharge.html","ip":"72.60.234.87","title":"充值订单","describe":"用户充值","sign":"66245f592cc314e840234b804aa71e9f"}
[18-Nov-2025 08:15:17 Asia/Shanghai] 支付网关表单数据: merchantCode=M1763172182&channelType=S01&merchantOrderNo=RCH202511180815174565&amount=111.00&notifyUrl=https%3A%2F%2Fapis.copla.top%2Findex.php%2Fpay%2Fnotify&returnUrl=https%3A%2F%2Fcopla.top%2Frecharge.html&ip=72.60.234.87&title=%E5%85%85%E5%80%BC%E8%AE%A2%E5%8D%95&describe=%E7%94%A8%E6%88%B7%E5%85%85%E5%80%BC&sign=66245f592cc314e840234b804aa71e9f
[18-Nov-2025 08:15:19 Asia/Shanghai] 支付网关原始响应: {"code":1,"message":"下单成功","data":{"payUrl":"https:\/\/p5xbk.easycashier.top\/pay\/l\/R4ooQGLlB1LcZRW2rKgKTw?t=1763454018777&s=oqoFUjbNk8wS5e6x6WDEfgCZ09w7VHTX-ML35G0qvoA","orderNo":"P17634249169934070760","expireTime":1763511316}}
[18-Nov-2025 08:15:19 Asia/Shanghai] 支付网关解析后响应: {"code":1,"message":"下单成功","data":{"payUrl":"https:\/\/p5xbk.easycashier.top\/pay\/l\/R4ooQGLlB1LcZRW2rKgKTw?t=1763454018777&s=oqoFUjbNk8wS5e6x6WDEfgCZ09w7VHTX-ML35G0qvoA","orderNo":"P17634249169934070760","expireTime":1763511316}}
[18-Nov-2025 08:15:19 Asia/Shanghai] 支付网关返回 [订单:RCH202511180815174565]: {"code":1,"message":"下单成功","data":{"payUrl":"https:\/\/p5xbk.easycashier.top\/pay\/l\/R4ooQGLlB1LcZRW2rKgKTw?t=1763454018777&s=oqoFUjbNk8wS5e6x6WDEfgCZ09w7VHTX-ML35G0qvoA","orderNo":"P17634249169934070760","expireTime":1763511316}}
[18-Nov-2025 08:15:19 Asia/Shanghai] 准备插入充值记录 [用户:1, 订单:RCH202511180815174565]: {"order_no":"RCH202511180815174565","user_id":1,"amount":111,"currency":"CNY","payment_method":"alipay","status":0,"meta":"{\"ip\":\"172.70.208.117\",\"user_agent\":\"Mozilla\\\/5.0 (iPhone; CPU iPhone OS 18_6_2 like Mac OS X) AppleWebKit\\\/605.1.15 (KHTML, like Gecko) CriOS\\\/142.0.7444.148 Mobile\\\/15E148 Safari\\\/604.1\",\"channel\":\"S01\",\"channel_name\":\"支付宝小额原生\",\"payment_gateway\":\"sevenpay\",\"gateway_order_no\":\"P17634249169934070760\",\"gateway_response\":{\"code\":1,\"message\":\"下单成功\",\"data\":{\"payUrl\":\"https:\\\/\\\/p5xbk.easycashier.top\\\/pay\\\/l\\\/R4ooQGLlB1LcZRW2rKgKTw?t=1763454018777&s=oqoFUjbNk8wS5e6x6WDEfgCZ09w7VHTX-ML35G0qvoA\",\"orderNo\":\"P17634249169934070760\",\"expireTime\":1763511316}},\"pay_url\":\"https:\\\/\\\/p5xbk.easycashier.top\\\/pay\\\/l\\\/R4ooQGLlB1LcZRW2rKgKTw?t=1763454018777&s=oqoFUjbNk8wS5e6x6WDEfgCZ09w7VHTX-ML35G0qvoA\",\"qr_code\":\"\",\"expire_time\":1763511316,\"timestamp\":1763424919}","created_at":"2025-11-18 08:15:19"}
[18-Nov-2025 08:15:19 Asia/Shanghai] 充值记录插入成功 [ID:24, 用户:1, 订单:RCH202511180815174565]
[18-Nov-2025 08:17:04 Asia/Shanghai] 支付订单回调地址: https://apis.copla.top/index.php/pay/notify
[18-Nov-2025 08:17:04 Asia/Shanghai] 检测到IPv6地址，已转换为IPv4: 72.60.234.87
[18-Nov-2025 08:17:04 Asia/Shanghai] 支付订单创建 [用户ID:1, 订单号:RCH202511180817046852, 金额:112, 通道:S02, 回调:https://apis.copla.top/index.php/pay/notify, 跳转:https://copla.top/recharge.html]
[18-Nov-2025 08:17:04 Asia/Shanghai] 支付网关请求参数: {"merchantCode":"M1763172182","channelType":"S02","merchantOrderNo":"RCH202511180817046852","amount":"112.00","notifyUrl":"https:\/\/apis.copla.top\/index.php\/pay\/notify","returnUrl":"https:\/\/copla.top\/recharge.html","ip":"72.60.234.87","title":"充值订单","describe":"用户充值"}
[18-Nov-2025 08:17:04 Asia/Shanghai] 支付网关签名字符串: amount=112.00&channelType=S02&describe=用户充值&ip=72.60.234.87&merchantCode=M1763172182&merchantOrderNo=RCH202511180817046852&notifyUrl=https://apis.copla.top/index.php/pay/notify&returnUrl=https://copla.top/recharge.html&title=充值订单&key=3e4cbfb35a35787ccc98bd13027b4a02
[18-Nov-2025 08:17:04 Asia/Shanghai] 支付网关生成签名: c2b6e0dbf8ffbe33ae763762afe3c834
[18-Nov-2025 08:17:04 Asia/Shanghai] 支付网关签名后参数: {"merchantCode":"M1763172182","channelType":"S02","merchantOrderNo":"RCH202511180817046852","amount":"112.00","notifyUrl":"https:\/\/apis.copla.top\/index.php\/pay\/notify","returnUrl":"https:\/\/copla.top\/recharge.html","ip":"72.60.234.87","title":"充值订单","describe":"用户充值","sign":"c2b6e0dbf8ffbe33ae763762afe3c834"}
[18-Nov-2025 08:17:04 Asia/Shanghai] 支付网关请求 [URL:https://sevenpay.lh.plus/api/pay/create]: {"merchantCode":"M1763172182","channelType":"S02","merchantOrderNo":"RCH202511180817046852","amount":"112.00","notifyUrl":"https:\/\/apis.copla.top\/index.php\/pay\/notify","returnUrl":"https:\/\/copla.top\/recharge.html","ip":"72.60.234.87","title":"充值订单","describe":"用户充值","sign":"c2b6e0dbf8ffbe33ae763762afe3c834"}
[18-Nov-2025 08:17:04 Asia/Shanghai] 支付网关表单数据: merchantCode=M1763172182&channelType=S02&merchantOrderNo=RCH202511180817046852&amount=112.00&notifyUrl=https%3A%2F%2Fapis.copla.top%2Findex.php%2Fpay%2Fnotify&returnUrl=https%3A%2F%2Fcopla.top%2Frecharge.html&ip=72.60.234.87&title=%E5%85%85%E5%80%BC%E8%AE%A2%E5%8D%95&describe=%E7%94%A8%E6%88%B7%E5%85%85%E5%80%BC&sign=c2b6e0dbf8ffbe33ae763762afe3c834
[18-Nov-2025 08:17:08 Asia/Shanghai] 支付网关原始响应: {"code":0,"message":"下单失败,请重新下单","data":null}
[18-Nov-2025 08:17:08 Asia/Shanghai] 支付网关解析后响应: {"code":0,"message":"下单失败,请重新下单","data":null}
[18-Nov-2025 08:17:08 Asia/Shanghai] 支付网关返回失败: 下单失败,请重新下单
[18-Nov-2025 08:17:08 Asia/Shanghai] 支付网关调用失败 [订单:RCH202511180817046852]: 下单失败,请重新下单
[18-Nov-2025 08:21:07 Asia/Shanghai] 支付订单回调地址: https://apis.copla.top/index.php/pay/notify
[18-Nov-2025 08:21:07 Asia/Shanghai] 检测到IPv6地址，已转换为IPv4: 72.60.234.87
[18-Nov-2025 08:21:07 Asia/Shanghai] 支付订单创建 [用户ID:1, 订单号:RCH202511180821075547, 金额:112, 通道:S01, 回调:https://apis.copla.top/index.php/pay/notify, 跳转:https://copla.top/recharge.html]
[18-Nov-2025 08:21:07 Asia/Shanghai] 支付网关请求参数: {"merchantCode":"M1763172182","channelType":"S01","merchantOrderNo":"RCH202511180821075547","amount":"112.00","notifyUrl":"https:\/\/apis.copla.top\/index.php\/pay\/notify","returnUrl":"https:\/\/copla.top\/recharge.html","ip":"72.60.234.87","title":"充值订单","describe":"用户充值"}
[18-Nov-2025 08:21:07 Asia/Shanghai] 支付网关签名字符串: amount=112.00&channelType=S01&describe=用户充值&ip=72.60.234.87&merchantCode=M1763172182&merchantOrderNo=RCH202511180821075547&notifyUrl=https://apis.copla.top/index.php/pay/notify&returnUrl=https://copla.top/recharge.html&title=充值订单&key=3e4cbfb35a35787ccc98bd13027b4a02
[18-Nov-2025 08:21:07 Asia/Shanghai] 支付网关生成签名: 5f8f254334d50a4c6a73fe2b5050e8b9
[18-Nov-2025 08:21:07 Asia/Shanghai] 支付网关签名后参数: {"merchantCode":"M1763172182","channelType":"S01","merchantOrderNo":"RCH202511180821075547","amount":"112.00","notifyUrl":"https:\/\/apis.copla.top\/index.php\/pay\/notify","returnUrl":"https:\/\/copla.top\/recharge.html","ip":"72.60.234.87","title":"充值订单","describe":"用户充值","sign":"5f8f254334d50a4c6a73fe2b5050e8b9"}
[18-Nov-2025 08:21:07 Asia/Shanghai] 支付网关请求 [URL:https://sevenpay.lh.plus/api/pay/create]: {"merchantCode":"M1763172182","channelType":"S01","merchantOrderNo":"RCH202511180821075547","amount":"112.00","notifyUrl":"https:\/\/apis.copla.top\/index.php\/pay\/notify","returnUrl":"https:\/\/copla.top\/recharge.html","ip":"72.60.234.87","title":"充值订单","describe":"用户充值","sign":"5f8f254334d50a4c6a73fe2b5050e8b9"}
[18-Nov-2025 08:21:07 Asia/Shanghai] 支付网关表单数据: merchantCode=M1763172182&channelType=S01&merchantOrderNo=RCH202511180821075547&amount=112.00&notifyUrl=https%3A%2F%2Fapis.copla.top%2Findex.php%2Fpay%2Fnotify&returnUrl=https%3A%2F%2Fcopla.top%2Frecharge.html&ip=72.60.234.87&title=%E5%85%85%E5%80%BC%E8%AE%A2%E5%8D%95&describe=%E7%94%A8%E6%88%B7%E5%85%85%E5%80%BC&sign=5f8f254334d50a4c6a73fe2b5050e8b9
[18-Nov-2025 08:21:08 Asia/Shanghai] 支付网关原始响应: {"code":1,"message":"下单成功","data":{"payUrl":"https:\/\/open.alipay.hxgybu.cn\/cashier\/order\/2025111808210840207242027?t=29590058455678153","orderNo":"P17634252664826985680","expireTime":1763511666}}
[18-Nov-2025 08:21:08 Asia/Shanghai] 支付网关解析后响应: {"code":1,"message":"下单成功","data":{"payUrl":"https:\/\/open.alipay.hxgybu.cn\/cashier\/order\/2025111808210840207242027?t=29590058455678153","orderNo":"P17634252664826985680","expireTime":1763511666}}
[18-Nov-2025 08:21:08 Asia/Shanghai] 支付网关返回 [订单:RCH202511180821075547]: {"code":1,"message":"下单成功","data":{"payUrl":"https:\/\/open.alipay.hxgybu.cn\/cashier\/order\/2025111808210840207242027?t=29590058455678153","orderNo":"P17634252664826985680","expireTime":1763511666}}
[18-Nov-2025 08:21:08 Asia/Shanghai] 准备插入充值记录 [用户:1, 订单:RCH202511180821075547]: {"order_no":"RCH202511180821075547","user_id":1,"amount":112,"currency":"CNY","payment_method":"alipay","status":0,"meta":"{\"ip\":\"172.68.211.69\",\"user_agent\":\"Mozilla\\\/5.0 (iPhone; CPU iPhone OS 18_6_2 like Mac OS X) AppleWebKit\\\/605.1.15 (KHTML, like Gecko) CriOS\\\/142.0.7444.148 Mobile\\\/15E148 Safari\\\/604.1\",\"channel\":\"S01\",\"channel_name\":\"支付宝小额原生\",\"payment_gateway\":\"sevenpay\",\"gateway_order_no\":\"P17634252664826985680\",\"gateway_response\":{\"code\":1,\"message\":\"下单成功\",\"data\":{\"payUrl\":\"https:\\\/\\\/open.alipay.hxgybu.cn\\\/cashier\\\/order\\\/2025111808210840207242027?t=29590058455678153\",\"orderNo\":\"P17634252664826985680\",\"expireTime\":1763511666}},\"pay_url\":\"https:\\\/\\\/open.alipay.hxgybu.cn\\\/cashier\\\/order\\\/2025111808210840207242027?t=29590058455678153\",\"qr_code\":\"\",\"expire_time\":1763511666,\"timestamp\":1763425268}","created_at":"2025-11-18 08:21:08"}
[18-Nov-2025 08:21:08 Asia/Shanghai] 充值记录插入成功 [ID:25, 用户:1, 订单:RCH202511180821075547]
[18-Nov-2025 08:26:43 Asia/Shanghai] SQL Error: SQLSTATE[42S22]: Column not found: 1054 Unknown column 'm.introduction' in 'field list'
[18-Nov-2025 08:27:05 Asia/Shanghai] 支付订单回调地址: https://apis.copla.top/index.php/pay/notify
[18-Nov-2025 08:27:05 Asia/Shanghai] 支付订单创建 - 获取到的用户IP: 2406:2d40:6359:110:78fe:ce56:5a3a:fadb
[18-Nov-2025 08:27:05 Asia/Shanghai] 支付订单创建 [用户ID:1, 订单号:RCH202511180827055624, 金额:100, 通道:S02, 回调:https://apis.copla.top/index.php/pay/notify, 跳转:https://copla.top/recharge.html]
[18-Nov-2025 08:27:05 Asia/Shanghai] 支付网关请求参数: {"merchantCode":"M1763172182","channelType":"S02","merchantOrderNo":"RCH202511180827055624","amount":"100.00","notifyUrl":"https:\/\/apis.copla.top\/index.php\/pay\/notify","returnUrl":"https:\/\/copla.top\/recharge.html","ip":"2406:2d40:6359:110:78fe:ce56:5a3a:fadb","title":"充值订单","describe":"用户充值"}
[18-Nov-2025 08:27:05 Asia/Shanghai] 支付网关签名字符串: amount=100.00&channelType=S02&describe=用户充值&ip=2406:2d40:6359:110:78fe:ce56:5a3a:fadb&merchantCode=M1763172182&merchantOrderNo=RCH202511180827055624&notifyUrl=https://apis.copla.top/index.php/pay/notify&returnUrl=https://copla.top/recharge.html&title=充值订单&key=3e4cbfb35a35787ccc98bd13027b4a02
[18-Nov-2025 08:27:05 Asia/Shanghai] 支付网关生成签名: 8e86106023c081b11d419420b7c5e51a
[18-Nov-2025 08:27:05 Asia/Shanghai] 支付网关签名后参数: {"merchantCode":"M1763172182","channelType":"S02","merchantOrderNo":"RCH202511180827055624","amount":"100.00","notifyUrl":"https:\/\/apis.copla.top\/index.php\/pay\/notify","returnUrl":"https:\/\/copla.top\/recharge.html","ip":"2406:2d40:6359:110:78fe:ce56:5a3a:fadb","title":"充值订单","describe":"用户充值","sign":"8e86106023c081b11d419420b7c5e51a"}
[18-Nov-2025 08:27:05 Asia/Shanghai] 支付网关请求 [URL:https://sevenpay.lh.plus/api/pay/create]: {"merchantCode":"M1763172182","channelType":"S02","merchantOrderNo":"RCH202511180827055624","amount":"100.00","notifyUrl":"https:\/\/apis.copla.top\/index.php\/pay\/notify","returnUrl":"https:\/\/copla.top\/recharge.html","ip":"2406:2d40:6359:110:78fe:ce56:5a3a:fadb","title":"充值订单","describe":"用户充值","sign":"8e86106023c081b11d419420b7c5e51a"}
[18-Nov-2025 08:27:05 Asia/Shanghai] 支付网关表单数据: merchantCode=M1763172182&channelType=S02&merchantOrderNo=RCH202511180827055624&amount=100.00&notifyUrl=https%3A%2F%2Fapis.copla.top%2Findex.php%2Fpay%2Fnotify&returnUrl=https%3A%2F%2Fcopla.top%2Frecharge.html&ip=2406%3A2d40%3A6359%3A110%3A78fe%3Ace56%3A5a3a%3Afadb&title=%E5%85%85%E5%80%BC%E8%AE%A2%E5%8D%95&describe=%E7%94%A8%E6%88%B7%E5%85%85%E5%80%BC&sign=8e86106023c081b11d419420b7c5e51a
[18-Nov-2025 08:27:08 Asia/Shanghai] 支付网关原始响应: {"code":0,"message":"下单失败,请重新下单","data":null}
[18-Nov-2025 08:27:08 Asia/Shanghai] 支付网关解析后响应: {"code":0,"message":"下单失败,请重新下单","data":null}
[18-Nov-2025 08:27:08 Asia/Shanghai] 支付网关返回失败: 下单失败,请重新下单
[18-Nov-2025 08:27:08 Asia/Shanghai] 支付网关调用失败 [订单:RCH202511180827055624]: 下单失败,请重新下单
[18-Nov-2025 08:27:34 Asia/Shanghai] 支付订单回调地址: https://apis.copla.top/index.php/pay/notify
[18-Nov-2025 08:27:34 Asia/Shanghai] 支付订单创建 - 获取到的用户IP: 2406:2d40:6359:110:78fe:ce56:5a3a:fadb
[18-Nov-2025 08:27:34 Asia/Shanghai] 支付订单创建 [用户ID:1, 订单号:RCH202511180827344482, 金额:1000, 通道:S02, 回调:https://apis.copla.top/index.php/pay/notify, 跳转:https://copla.top/recharge.html]
[18-Nov-2025 08:27:34 Asia/Shanghai] 支付网关请求参数: {"merchantCode":"M1763172182","channelType":"S02","merchantOrderNo":"RCH202511180827344482","amount":"1000.00","notifyUrl":"https:\/\/apis.copla.top\/index.php\/pay\/notify","returnUrl":"https:\/\/copla.top\/recharge.html","ip":"2406:2d40:6359:110:78fe:ce56:5a3a:fadb","title":"充值订单","describe":"用户充值"}
[18-Nov-2025 08:27:34 Asia/Shanghai] 支付网关签名字符串: amount=1000.00&channelType=S02&describe=用户充值&ip=2406:2d40:6359:110:78fe:ce56:5a3a:fadb&merchantCode=M1763172182&merchantOrderNo=RCH202511180827344482&notifyUrl=https://apis.copla.top/index.php/pay/notify&returnUrl=https://copla.top/recharge.html&title=充值订单&key=3e4cbfb35a35787ccc98bd13027b4a02
[18-Nov-2025 08:27:34 Asia/Shanghai] 支付网关生成签名: e88c28599ee9e290743628273e730c3f
[18-Nov-2025 08:27:34 Asia/Shanghai] 支付网关签名后参数: {"merchantCode":"M1763172182","channelType":"S02","merchantOrderNo":"RCH202511180827344482","amount":"1000.00","notifyUrl":"https:\/\/apis.copla.top\/index.php\/pay\/notify","returnUrl":"https:\/\/copla.top\/recharge.html","ip":"2406:2d40:6359:110:78fe:ce56:5a3a:fadb","title":"充值订单","describe":"用户充值","sign":"e88c28599ee9e290743628273e730c3f"}
[18-Nov-2025 08:27:34 Asia/Shanghai] 支付网关请求 [URL:https://sevenpay.lh.plus/api/pay/create]: {"merchantCode":"M1763172182","channelType":"S02","merchantOrderNo":"RCH202511180827344482","amount":"1000.00","notifyUrl":"https:\/\/apis.copla.top\/index.php\/pay\/notify","returnUrl":"https:\/\/copla.top\/recharge.html","ip":"2406:2d40:6359:110:78fe:ce56:5a3a:fadb","title":"充值订单","describe":"用户充值","sign":"e88c28599ee9e290743628273e730c3f"}
[18-Nov-2025 08:27:34 Asia/Shanghai] 支付网关表单数据: merchantCode=M1763172182&channelType=S02&merchantOrderNo=RCH202511180827344482&amount=1000.00&notifyUrl=https%3A%2F%2Fapis.copla.top%2Findex.php%2Fpay%2Fnotify&returnUrl=https%3A%2F%2Fcopla.top%2Frecharge.html&ip=2406%3A2d40%3A6359%3A110%3A78fe%3Ace56%3A5a3a%3Afadb&title=%E5%85%85%E5%80%BC%E8%AE%A2%E5%8D%95&describe=%E7%94%A8%E6%88%B7%E5%85%85%E5%80%BC&sign=e88c28599ee9e290743628273e730c3f
[18-Nov-2025 08:27:37 Asia/Shanghai] 支付网关原始响应: {"code":0,"message":"下单失败,请重新下单","data":null}
[18-Nov-2025 08:27:37 Asia/Shanghai] 支付网关解析后响应: {"code":0,"message":"下单失败,请重新下单","data":null}
[18-Nov-2025 08:27:37 Asia/Shanghai] 支付网关返回失败: 下单失败,请重新下单
[18-Nov-2025 08:27:37 Asia/Shanghai] 支付网关调用失败 [订单:RCH202511180827344482]: 下单失败,请重新下单
[18-Nov-2025 08:59:14 Asia/Shanghai] SQL Error: SQLSTATE[42S22]: Column not found: 1054 Unknown column 'm.introduction' in 'field list'
[18-Nov-2025 09:14:10 Asia/Shanghai] SQL Error: SQLSTATE[42S22]: Column not found: 1054 Unknown column 'm.introduction' in 'field list'
[18-Nov-2025 09:14:15 Asia/Shanghai] SQL Error: SQLSTATE[42S22]: Column not found: 1054 Unknown column 'm.introduction' in 'field list'
[18-Nov-2025 09:16:13 Asia/Shanghai] SQL Error: SQLSTATE[42S22]: Column not found: 1054 Unknown column 'm.introduction' in 'field list'
[18-Nov-2025 09:16:28 Asia/Shanghai] SQL Error: SQLSTATE[42S22]: Column not found: 1054 Unknown column 'invest_amount' in 'field list'
[18-Nov-2025 09:16:39 Asia/Shanghai] SQL Error: SQLSTATE[42S22]: Column not found: 1054 Unknown column 'invest_amount' in 'field list'
[18-Nov-2025 09:16:48 Asia/Shanghai] SQL Error: SQLSTATE[42S22]: Column not found: 1054 Unknown column 'invest_amount' in 'field list'
[18-Nov-2025 15:03:21 Asia/Shanghai] SQL Error: SQLSTATE[42S22]: Column not found: 1054 Unknown column 'balance_cny' in 'field list'
[18-Nov-2025 15:03:21 Asia/Shanghai] SQL Error: SQLSTATE[42S22]: Column not found: 1054 Unknown column 'balance_cny' in 'field list'
[18-Nov-2025 15:03:21 Asia/Shanghai] SQL Error: SQLSTATE[42S22]: Column not found: 1054 Unknown column 'balance_cny' in 'field list'
[18-Nov-2025 15:40:35 Asia/Shanghai] 已创建 project_categories 表
[18-Nov-2025 15:50:22 Asia/Shanghai] SQL Error: SQLSTATE[42S02]: Base table or view not found: 1146 Table 'providence.kyc_records' doesn't exist
[18-Nov-2025 15:50:22 Asia/Shanghai] SQL Error: SQLSTATE[23000]: Integrity constraint violation: 1451 Cannot delete or update a parent row: a foreign key constraint fails (`providence`.`users`, CONSTRAINT `users_ibfk_1` FOREIGN KEY (`parent_id`) REFERENCES `users` (`id`))
[18-Nov-2025 15:50:22 Asia/Shanghai] SQL Error: SQLSTATE[42S22]: Column not found: 1054 Unknown column 'balance_cny' in 'field list'
[18-Nov-2025 15:50:22 Asia/Shanghai] SQL Error: SQLSTATE[42S02]: Base table or view not found: 1146 Table 'providence.referral_rewards' doesn't exist
[18-Nov-2025 15:50:22 Asia/Shanghai] SQL Error: SQLSTATE[42S02]: Base table or view not found: 1146 Table 'providence.team_rewards' doesn't exist
[18-Nov-2025 15:50:22 Asia/Shanghai] SQL Error: SQLSTATE[42S02]: Base table or view not found: 1146 Table 'providence.earnings_records' doesn't exist
[18-Nov-2025 15:50:22 Asia/Shanghai] SQL Error: SQLSTATE[42S22]: Column not found: 1054 Unknown column 'balance_cny' in 'field list'
[18-Nov-2025 15:51:41 Asia/Shanghai] SQL Error: SQLSTATE[42S22]: Column not found: 1054 Unknown column 'm.introduction' in 'field list'
[18-Nov-2025 15:51:46 Asia/Shanghai] SQL Error: SQLSTATE[42S22]: Column not found: 1054 Unknown column 'm.introduction' in 'field list'
[18-Nov-2025 15:51:50 Asia/Shanghai] SQL Error: SQLSTATE[42S22]: Column not found: 1054 Unknown column 'm.introduction' in 'field list'
[18-Nov-2025 15:52:43 Asia/Shanghai] SQL Error: SQLSTATE[42S22]: Column not found: 1054 Unknown column 'm.introduction' in 'field list'
[18-Nov-2025 16:03:44 Asia/Shanghai] SQL Error: SQLSTATE[42S22]: Column not found: 1054 Unknown column 'm.introduction' in 'field list'
[18-Nov-2025 16:08:37 Asia/Shanghai] SQL Error: SQLSTATE[23000]: Integrity constraint violation: 1062 Duplicate entry '债券' for key 'project_categories.name'
[18-Nov-2025 16:10:24 Asia/Shanghai] SQL Error: SQLSTATE[01000]: Warning: 1265 Data truncated for column 'category' at row 1
[18-Nov-2025 16:10:34 Asia/Shanghai] SQL Error: SQLSTATE[01000]: Warning: 1265 Data truncated for column 'category' at row 1
[18-Nov-2025 16:13:49 Asia/Shanghai] SQL Error: SQLSTATE[01000]: Warning: 1265 Data truncated for column 'category' at row 1
[18-Nov-2025 16:15:48 Asia/Shanghai] SQL Error: SQLSTATE[01000]: Warning: 1265 Data truncated for column 'category' at row 1
[18-Nov-2025 17:06:33 Asia/Shanghai] SQL Error: SQLSTATE[01000]: Warning: 1265 Data truncated for column 'category' at row 1
[18-Nov-2025 17:08:32 Asia/Shanghai] SQL Error: SQLSTATE[01000]: Warning: 1265 Data truncated for column 'category' at row 1
[18-Nov-2025 17:10:07 Asia/Shanghai] SQL Error: SQLSTATE[01000]: Warning: 1265 Data truncated for column 'category' at row 1
[18-Nov-2025 17:10:17 Asia/Shanghai] SQL Error: SQLSTATE[01000]: Warning: 1265 Data truncated for column 'category' at row 1
[18-Nov-2025 17:15:22 Asia/Shanghai] SQL Error: SQLSTATE[01000]: Warning: 1265 Data truncated for column 'category' at row 1
[18-Nov-2025 17:17:07 Asia/Shanghai] SQL Error: SQLSTATE[01000]: Warning: 1265 Data truncated for column 'category' at row 1
[18-Nov-2025 17:18:07 Asia/Shanghai] SQL Error: SQLSTATE[22003]: Numeric value out of range: 1264 Out of range value for column 'max_invest' at row 1
[18-Nov-2025 17:18:32 Asia/Shanghai] SQL Error: SQLSTATE[22003]: Numeric value out of range: 1264 Out of range value for column 'max_invest' at row 1
[18-Nov-2025 17:19:59 Asia/Shanghai] SQL Error: SQLSTATE[42S22]: Column not found: 1054 Unknown column 'invest_amount' in 'field list'
[18-Nov-2025 17:30:04 Asia/Shanghai] SQL Error: SQLSTATE[42S22]: Column not found: 1054 Unknown column 'invite_code' in 'where clause'
[18-Nov-2025 17:30:04 Asia/Shanghai] SQL Error: SQLSTATE[42S22]: Column not found: 1054 Unknown column 'invite_code' in 'field list'
[18-Nov-2025 17:31:46 Asia/Shanghai] SQL Error: SQLSTATE[42S22]: Column not found: 1054 Unknown column 'invite_code' in 'where clause'
[18-Nov-2025 17:31:53 Asia/Shanghai] SQL Error: SQLSTATE[42S22]: Column not found: 1054 Unknown column 'invite_code' in 'field list'
[18-Nov-2025 17:32:05 Asia/Shanghai] SQL Error: SQLSTATE[42S22]: Column not found: 1054 Unknown column 'invite_code' in 'field list'
[18-Nov-2025 17:32:13 Asia/Shanghai] SQL Error: SQLSTATE[42S22]: Column not found: 1054 Unknown column 'invite_code' in 'where clause'
[18-Nov-2025 17:32:13 Asia/Shanghai] SQL Error: SQLSTATE[42S22]: Column not found: 1054 Unknown column 'invite_code' in 'field list'
[18-Nov-2025 17:32:24 Asia/Shanghai] SQL Error: SQLSTATE[42S22]: Column not found: 1054 Unknown column 'invite_code' in 'field list'
[18-Nov-2025 17:32:44 Asia/Shanghai] SQL Error: SQLSTATE[42000]: Syntax error or access violation: 1064 You have an error in your SQL syntax; check the manual that corresponds to your MySQL server version for the right syntax to use near '{}users' at line 1
[18-Nov-2025 17:32:44 Asia/Shanghai] PHP Fatal error:  Uncaught Error: Call to undefined method Database::getPDO() in /tmp/test_insert_debug.php:28
Stack trace:
#0 {main}
  thrown in /tmp/test_insert_debug.php on line 28
[18-Nov-2025 17:34:15 Asia/Shanghai] SQL Error: SQLSTATE[42S22]: Column not found: 1054 Unknown column 'invite_code' in 'where clause'
[18-Nov-2025 17:34:15 Asia/Shanghai] SQL Error: SQLSTATE[42S22]: Column not found: 1054 Unknown column 'invite_code' in 'field list'
[18-Nov-2025 17:35:06 Asia/Shanghai] PHP Fatal error:  Uncaught Error: Call to undefined method AuditLog::record() in /www/wwwroot/copla/providence-admin/api/register.php:135
Stack trace:
#0 /www/wwwroot/copla/providence-admin/api/index.php(190): require()
#1 {main}
  thrown in /www/wwwroot/copla/providence-admin/api/register.php on line 135
[18-Nov-2025 17:35:13 Asia/Shanghai] SQL Error: SQLSTATE[23000]: Integrity constraint violation: 1062 Duplicate entry '' for key 'users.phone'
[18-Nov-2025 17:36:47 Asia/Shanghai] SQL Error: SQLSTATE[23000]: Integrity constraint violation: 1062 Duplicate entry '' for key 'users.phone'
[18-Nov-2025 17:39:48 Asia/Shanghai] PHP Fatal error:  Uncaught Error: Call to undefined method AuditLog::record() in /www/wwwroot/copla/providence-admin/api/register.php:144
Stack trace:
#0 /www/wwwroot/copla/providence-admin/api/index.php(190): require()
#1 {main}
  thrown in /www/wwwroot/copla/providence-admin/api/register.php on line 144
[18-Nov-2025 17:39:56 Asia/Shanghai] PHP Fatal error:  Uncaught Error: Call to undefined method AuditLog::record() in /www/wwwroot/copla/providence-admin/api/register.php:144
Stack trace:
#0 /www/wwwroot/copla/providence-admin/api/index.php(190): require()
#1 {main}
  thrown in /www/wwwroot/copla/providence-admin/api/register.php on line 144
[18-Nov-2025 17:42:14 Asia/Shanghai] PHP Fatal error:  Uncaught Error: Call to undefined method AuditLog::record() in /www/wwwroot/copla/providence-admin/api/register.php:144
Stack trace:
#0 /www/wwwroot/copla/providence-admin/api/index.php(190): require()
#1 {main}
  thrown in /www/wwwroot/copla/providence-admin/api/register.php on line 144
[18-Nov-2025 17:42:51 Asia/Shanghai] PHP Fatal error:  Uncaught Error: Call to undefined method AuditLog::record() in /www/wwwroot/copla/providence-admin/api/register.php:144
Stack trace:
#0 /www/wwwroot/copla/providence-admin/api/index.php(190): require()
#1 {main}
  thrown in /www/wwwroot/copla/providence-admin/api/register.php on line 144
[18-Nov-2025 17:43:00 Asia/Shanghai] PHP Fatal error:  Uncaught Error: Call to undefined method AuditLog::record() in /www/wwwroot/copla/providence-admin/api/register.php:144
Stack trace:
#0 /www/wwwroot/copla/providence-admin/api/index.php(190): require()
#1 {main}
  thrown in /www/wwwroot/copla/providence-admin/api/register.php on line 144
[18-Nov-2025 17:44:25 Asia/Shanghai] PHP Warning:  file_put_contents(/tmp/register_api.log): Failed to open stream: Permission denied in /www/wwwroot/copla/providence-admin/api/register.php on line 8
[18-Nov-2025 17:44:25 Asia/Shanghai] PHP Warning:  file_put_contents(/tmp/register_api.log): Failed to open stream: Permission denied in /www/wwwroot/copla/providence-admin/api/register.php on line 9
[18-Nov-2025 17:44:25 Asia/Shanghai] PHP Warning:  file_put_contents(/tmp/register_api.log): Failed to open stream: Permission denied in /www/wwwroot/copla/providence-admin/api/register.php on line 19
[18-Nov-2025 17:44:25 Asia/Shanghai] PHP Warning:  file_put_contents(/tmp/register_api.log): Failed to open stream: Permission denied in /www/wwwroot/copla/providence-admin/api/register.php on line 22
[18-Nov-2025 17:44:25 Asia/Shanghai] PHP Warning:  file_put_contents(/tmp/register_api.log): Failed to open stream: Permission denied in /www/wwwroot/copla/providence-admin/api/register.php on line 30
[18-Nov-2025 17:44:25 Asia/Shanghai] PHP Warning:  file_put_contents(/tmp/register_api.log): Failed to open stream: Permission denied in /www/wwwroot/copla/providence-admin/api/register.php on line 92
[18-Nov-2025 17:44:25 Asia/Shanghai] PHP Warning:  file_put_contents(/tmp/register_api.log): Failed to open stream: Permission denied in /www/wwwroot/copla/providence-admin/api/register.php on line 130
[18-Nov-2025 17:44:25 Asia/Shanghai] PHP Warning:  file_put_contents(/tmp/register_api.log): Failed to open stream: Permission denied in /www/wwwroot/copla/providence-admin/api/register.php on line 157
[18-Nov-2025 17:45:04 Asia/Shanghai] PHP Warning:  file_put_contents(/tmp/register_api.log): Failed to open stream: Permission denied in /www/wwwroot/copla/providence-admin/api/register.php on line 8
[18-Nov-2025 17:45:04 Asia/Shanghai] PHP Warning:  file_put_contents(/tmp/register_api.log): Failed to open stream: Permission denied in /www/wwwroot/copla/providence-admin/api/register.php on line 9
[18-Nov-2025 17:45:04 Asia/Shanghai] PHP Warning:  file_put_contents(/tmp/register_api.log): Failed to open stream: Permission denied in /www/wwwroot/copla/providence-admin/api/register.php on line 19
[18-Nov-2025 17:45:04 Asia/Shanghai] PHP Warning:  file_put_contents(/tmp/register_api.log): Failed to open stream: Permission denied in /www/wwwroot/copla/providence-admin/api/register.php on line 22
[18-Nov-2025 17:45:04 Asia/Shanghai] PHP Warning:  file_put_contents(/tmp/register_api.log): Failed to open stream: Permission denied in /www/wwwroot/copla/providence-admin/api/register.php on line 30
[18-Nov-2025 17:45:04 Asia/Shanghai] PHP Warning:  file_put_contents(/tmp/register_api.log): Failed to open stream: Permission denied in /www/wwwroot/copla/providence-admin/api/register.php on line 92
[18-Nov-2025 17:45:04 Asia/Shanghai] PHP Warning:  file_put_contents(/tmp/register_api.log): Failed to open stream: Permission denied in /www/wwwroot/copla/providence-admin/api/register.php on line 130
[18-Nov-2025 17:45:04 Asia/Shanghai] SQL Error: SQLSTATE[42S02]: Base table or view not found: 1146 Table 'providence.vip_levels' doesn't exist
[18-Nov-2025 17:45:04 Asia/Shanghai] PHP Warning:  file_put_contents(/tmp/register_api.log): Failed to open stream: Permission denied in /www/wwwroot/copla/providence-admin/api/register.php on line 157
[18-Nov-2025 17:45:55 Asia/Shanghai] PHP Warning:  file_put_contents(/tmp/register_api.log): Failed to open stream: Permission denied in /www/wwwroot/copla/providence-admin/api/register.php on line 8
[18-Nov-2025 17:45:55 Asia/Shanghai] PHP Warning:  file_put_contents(/tmp/register_api.log): Failed to open stream: Permission denied in /www/wwwroot/copla/providence-admin/api/register.php on line 9
[18-Nov-2025 17:45:55 Asia/Shanghai] PHP Warning:  file_put_contents(/tmp/register_api.log): Failed to open stream: Permission denied in /www/wwwroot/copla/providence-admin/api/register.php on line 19
[18-Nov-2025 17:45:55 Asia/Shanghai] PHP Warning:  file_put_contents(/tmp/register_api.log): Failed to open stream: Permission denied in /www/wwwroot/copla/providence-admin/api/register.php on line 22
[18-Nov-2025 17:45:55 Asia/Shanghai] PHP Warning:  file_put_contents(/tmp/register_api.log): Failed to open stream: Permission denied in /www/wwwroot/copla/providence-admin/api/register.php on line 30
[18-Nov-2025 17:45:55 Asia/Shanghai] PHP Warning:  file_put_contents(/tmp/register_api.log): Failed to open stream: Permission denied in /www/wwwroot/copla/providence-admin/api/register.php on line 92
[18-Nov-2025 17:45:55 Asia/Shanghai] PHP Warning:  file_put_contents(/tmp/register_api.log): Failed to open stream: Permission denied in /www/wwwroot/copla/providence-admin/api/register.php on line 130
[18-Nov-2025 17:45:55 Asia/Shanghai] SQL Error: SQLSTATE[42S02]: Base table or view not found: 1146 Table 'providence.vip_levels' doesn't exist
[18-Nov-2025 17:45:55 Asia/Shanghai] PHP Warning:  file_put_contents(/tmp/register_api.log): Failed to open stream: Permission denied in /www/wwwroot/copla/providence-admin/api/register.php on line 157
[18-Nov-2025 17:47:58 Asia/Shanghai] [AI Chat] 未提供Token - 检查了HTTP头、POST和GET参数
[18-Nov-2025 17:50:34 Asia/Shanghai] SQL Error: SQLSTATE[42S22]: Column not found: 1054 Unknown column 'm.introduction' in 'field list'
[18-Nov-2025 17:50:43 Asia/Shanghai] SQL Error: SQLSTATE[42S22]: Column not found: 1054 Unknown column 'm.introduction' in 'field list'
[18-Nov-2025 17:50:54 Asia/Shanghai] SQL Error: SQLSTATE[42S02]: Base table or view not found: 1146 Table 'providence.user_investments' doesn't exist
[18-Nov-2025 17:50:54 Asia/Shanghai] SQL Error: SQLSTATE[42S02]: Base table or view not found: 1146 Table 'providence.projects' doesn't exist
[18-Nov-2025 17:50:54 Asia/Shanghai] SQL Error: SQLSTATE[42S02]: Base table or view not found: 1146 Table 'providence.user_investments' doesn't exist
[18-Nov-2025 17:51:36 Asia/Shanghai] PHP Fatal error:  Uncaught Error: Call to undefined method Database::execute() in /www/wwwroot/copla/providence-admin/api/admin/clear-all-data.php:107
Stack trace:
#0 /www/wwwroot/copla/providence-admin/api/index.php(194): require()
#1 {main}
  thrown in /www/wwwroot/copla/providence-admin/api/admin/clear-all-data.php on line 107
[18-Nov-2025 17:52:31 Asia/Shanghai] SQL Error: SQLSTATE[42S22]: Column not found: 1054 Unknown column 'm.introduction' in 'field list'
[18-Nov-2025 17:53:25 Asia/Shanghai] SQL Error: SQLSTATE[42S22]: Column not found: 1054 Unknown column 'm.introduction' in 'field list'
[18-Nov-2025 17:56:40 Asia/Shanghai] SQL Error: SQLSTATE[42S22]: Column not found: 1054 Unknown column 'm.introduction' in 'field list'
[18-Nov-2025 17:56:47 Asia/Shanghai] SQL Error: SQLSTATE[42S22]: Column not found: 1054 Unknown column 'm.introduction' in 'field list'
[18-Nov-2025 17:57:05 Asia/Shanghai] Project Detail SQL: 
        SELECT
            p.*,
            m.name as manager_name,
            m.avatar as manager_avatar,
            m.title as manager_title,
            m.introduction as manager_introduction
        FROM invest_projects p
        LEFT JOIN project_managers m ON p.manager_id = m.id
        WHERE p.id = :id
    
[18-Nov-2025 17:57:05 Asia/Shanghai] Project ID: 12
[18-Nov-2025 17:57:05 Asia/Shanghai] SQL Error: SQLSTATE[42S22]: Column not found: 1054 Unknown column 'm.introduction' in 'field list'
[18-Nov-2025 17:57:05 Asia/Shanghai] Project Query Result: Not Found
[18-Nov-2025 17:57:05 Asia/Shanghai] Project Data: null
[18-Nov-2025 17:57:29 Asia/Shanghai] PHP Warning:  Undefined array key "REQUEST_METHOD" in /www/wwwroot/copla/providence-admin/config/Response.php on line 48
[18-Nov-2025 17:57:31 Asia/Shanghai] Project Detail SQL: 
        SELECT
            p.*,
            m.name as manager_name,
            m.avatar as manager_avatar,
            m.title as manager_title,
            m.introduction as manager_introduction
        FROM invest_projects p
        LEFT JOIN project_managers m ON p.manager_id = m.id
        WHERE p.id = :id
    
[18-Nov-2025 17:57:31 Asia/Shanghai] Project ID: 12
[18-Nov-2025 17:57:31 Asia/Shanghai] SQL Error: SQLSTATE[42S22]: Column not found: 1054 Unknown column 'm.introduction' in 'field list'
[18-Nov-2025 17:57:31 Asia/Shanghai] Project Query Result: Not Found
[18-Nov-2025 17:57:31 Asia/Shanghai] Project Data: null
[18-Nov-2025 17:57:51 Asia/Shanghai] Test Count Result: {"cnt":1}
[18-Nov-2025 17:57:51 Asia/Shanghai] Project Detail SQL: 
        SELECT
            p.*
        FROM invest_projects p
        WHERE p.id = :id
    
[18-Nov-2025 17:57:51 Asia/Shanghai] Project ID: 12
[18-Nov-2025 17:57:51 Asia/Shanghai] Project Query Result: Found
[18-Nov-2025 17:57:51 Asia/Shanghai] Project Data Keys: id, project_code, title, subtitle, description, category, currency, cover_image, images, cycle_days, base_rate, added_rate, gift_rate, total_rate, min_invest, max_invest, total_quota, schedule, manager_id, risk_level, status, is_index, sort, payment_type, vip_min, need_referral, team_member_required, mcount, version, view_count, invest_count, total_invested, sold, remain, cache_updated_at, created_at, updated_at
[18-Nov-2025 17:57:51 Asia/Shanghai] SQL Error: SQLSTATE[42S22]: Column not found: 1054 Unknown column 'introduction' in 'field list'
[18-Nov-2025 17:58:00 Asia/Shanghai] Test Count Result: {"cnt":1}
[18-Nov-2025 17:58:00 Asia/Shanghai] Project Detail SQL: 
        SELECT
            p.*
        FROM invest_projects p
        WHERE p.id = :id
    
[18-Nov-2025 17:58:00 Asia/Shanghai] Project ID: 12
[18-Nov-2025 17:58:00 Asia/Shanghai] Project Query Result: Found
[18-Nov-2025 17:58:00 Asia/Shanghai] Project Data Keys: id, project_code, title, subtitle, description, category, currency, cover_image, images, cycle_days, base_rate, added_rate, gift_rate, total_rate, min_invest, max_invest, total_quota, schedule, manager_id, risk_level, status, is_index, sort, payment_type, vip_min, need_referral, team_member_required, mcount, version, view_count, invest_count, total_invested, sold, remain, cache_updated_at, created_at, updated_at
[18-Nov-2025 17:58:00 Asia/Shanghai] SQL Error: SQLSTATE[42S22]: Column not found: 1054 Unknown column 'introduction' in 'field list'
[18-Nov-2025 17:58:43 Asia/Shanghai] Test Count Result: {"cnt":1}
[18-Nov-2025 17:58:43 Asia/Shanghai] Project Detail SQL: 
        SELECT
            p.*
        FROM invest_projects p
        WHERE p.id = :id
    
[18-Nov-2025 17:58:43 Asia/Shanghai] Project ID: 12
[18-Nov-2025 17:58:43 Asia/Shanghai] Project Query Result: Found
[18-Nov-2025 17:58:43 Asia/Shanghai] Project Data Keys: id, project_code, title, subtitle, description, category, currency, cover_image, images, cycle_days, base_rate, added_rate, gift_rate, total_rate, min_invest, max_invest, total_quota, schedule, manager_id, risk_level, status, is_index, sort, payment_type, vip_min, need_referral, team_member_required, mcount, version, view_count, invest_count, total_invested, sold, remain, cache_updated_at, created_at, updated_at
[18-Nov-2025 17:58:43 Asia/Shanghai] SQL Error: SQLSTATE[42S22]: Column not found: 1054 Unknown column 'introduction' in 'field list'
[18-Nov-2025 17:59:55 Asia/Shanghai] Test Count Result: {"cnt":1}
[18-Nov-2025 17:59:55 Asia/Shanghai] Project Detail SQL: 
        SELECT
            p.*
        FROM invest_projects p
        WHERE p.id = :id
    
[18-Nov-2025 17:59:55 Asia/Shanghai] Project ID: 12
[18-Nov-2025 17:59:55 Asia/Shanghai] Project Query Result: Found
[18-Nov-2025 17:59:55 Asia/Shanghai] Project Data Keys: id, project_code, title, subtitle, description, category, currency, cover_image, images, cycle_days, base_rate, added_rate, gift_rate, total_rate, min_invest, max_invest, total_quota, schedule, manager_id, risk_level, status, is_index, sort, payment_type, vip_min, need_referral, team_member_required, mcount, version, view_count, invest_count, total_invested, sold, remain, cache_updated_at, created_at, updated_at
[18-Nov-2025 17:59:55 Asia/Shanghai] SQL Error: SQLSTATE[42S22]: Column not found: 1054 Unknown column 'introduction' in 'field list'
[18-Nov-2025 18:00:05 Asia/Shanghai] PHP Warning:  Array to string conversion in /www/wwwroot/copla/providence-admin/config/Database.php on line 80
[18-Nov-2025 18:00:05 Asia/Shanghai] SQL Error: SQLSTATE[42S22]: Column not found: 1054 Unknown column 'Array' in 'where clause'
[18-Nov-2025 18:00:14 Asia/Shanghai] PHP Warning:  Array to string conversion in /www/wwwroot/copla/providence-admin/config/Database.php on line 80
[18-Nov-2025 18:00:14 Asia/Shanghai] SQL Error: SQLSTATE[42S22]: Column not found: 1054 Unknown column 'Array' in 'where clause'
[18-Nov-2025 18:08:38 Asia/Shanghai] Project Save Input: {"id":"12","title":"\u6d4b\u8bd5\u6807\u9898","category":"IPO","currency":"USDT","cycle_days":"7","base_rate":"3.6","min_invest":"500"}
[18-Nov-2025 18:08:38 Asia/Shanghai] Content-Type: multipart/form-data; boundary=------------------------cMJ3MszqzvtsEOOREkETaM
[18-Nov-2025 18:08:49 Asia/Shanghai] Project Save Input: {"id":"12","title":"\u7a33\u5065\u7406\u8d22\u8ba1\u5212\uff08\u5df2\u66f4\u65b0\uff09","subtitle":"\u4f4e\u98ce\u9669\u9ad8\u6536\u76ca","category":"IPO","currency":"USDT","cycle_days":"7","base_rate":"3.6","added_rate":"2.0","gift_rate":"2.0","min_invest":"500","max_invest":"10000","total_quota":"5000000","status":"1","is_index":"1","sort":"100","payment_type":"0","vip_min":"1"}
[18-Nov-2025 18:08:49 Asia/Shanghai] Content-Type: multipart/form-data; boundary=------------------------qHcpBjBVWpAxUtJ55OXJ79
[18-Nov-2025 18:08:49 Asia/Shanghai] PHP Warning:  Array to string conversion in /www/wwwroot/copla/providence-admin/config/Database.php on line 80
[18-Nov-2025 18:08:49 Asia/Shanghai] SQL Error: SQLSTATE[42S22]: Column not found: 1054 Unknown column 'Array' in 'where clause'
[18-Nov-2025 18:08:59 Asia/Shanghai] Project Save Input: {"id":"12","title":"\u7a33\u5065\u7406\u8d22\u8ba1\u5212\uff08\u5df2\u66f4\u65b0\uff09","subtitle":"\u4f4e\u98ce\u9669\u9ad8\u6536\u76ca","category":"IPO","currency":"USDT","cycle_days":"7","base_rate":"3.6","added_rate":"2.0","gift_rate":"2.0","min_invest":"500","max_invest":"10000","total_quota":"5000000","status":"1","is_index":"1","sort":"100","payment_type":"0","vip_min":"1"}
[18-Nov-2025 18:08:59 Asia/Shanghai] Content-Type: multipart/form-data; boundary=------------------------GQMVkCWpDDsFq0IzjXR5By
[18-Nov-2025 18:08:59 Asia/Shanghai] PHP Warning:  Array to string conversion in /www/wwwroot/copla/providence-admin/config/Database.php on line 80
[18-Nov-2025 18:08:59 Asia/Shanghai] SQL Error: SQLSTATE[42S22]: Column not found: 1054 Unknown column 'Array' in 'where clause'
[18-Nov-2025 18:09:47 Asia/Shanghai] Project Save Input: {"id":"","title":"\u521b\u65b0\u6536\u76ca\u8ba1\u5212","project_code":"","subtitle":"","category":"IPO","currency":"CNY","status":"1","description":"","cycle_days":"45","base_rate":"3.1","added_rate":"2.5","gift_rate":"0","min_invest":"5000","max_invest":"60000","total_quota":"45000","manager_id":"3","sort":"10","is_index":"1","payment_type":"0","vip_min":"0","need_referral":"0","team_member_required":"0","mcount":"0"}
[18-Nov-2025 18:09:47 Asia/Shanghai] Content-Type: multipart/form-data; boundary=----WebKitFormBoundarycFAkaYF92qUTgNbV
[18-Nov-2025 18:10:11 Asia/Shanghai] Project Save Input: {"id":"12","title":"\u7a33\u5065\u7406\u8d22\u8ba1\u5212\uff08\u5df2\u66f4\u65b0\uff09","subtitle":"\u6d4b\u8bd5\u66f4\u65b0","category":"IPO","currency":"USDT","cycle_days":"7","base_rate":"3.6","added_rate":"2.0","gift_rate":"2.0","min_invest":"500","max_invest":"10000","total_quota":"5000000","status":"1"}
[18-Nov-2025 18:10:11 Asia/Shanghai] Content-Type: multipart/form-data; boundary=------------------------0ZClTDBS1Mp9OfBJSgZzIL
[18-Nov-2025 18:10:11 Asia/Shanghai] 准备更新项目，ID: 12
[18-Nov-2025 18:10:11 Asia/Shanghai] 更新数据: {"title":"稳健理财计划（已更新）","subtitle":"测试更新","description":"","category":"IPO","currency":"USDT","cycle_days":7,"base_rate":3.6,"added_rate":2,"gift_rate":2,"total_rate":7.6,"min_invest":500,"max_invest":10000,"total_quota":5000000,"manager_id":0,"status":1,"is_index":0,"sort":100,"payment_type":0,"vip_min":0,"need_referral":0,"team_member_required":0,"mcount":0,"updated_at":"2025-11-18 18:10:11","version":2}
[18-Nov-2025 18:10:11 Asia/Shanghai] 更新结果: true
[18-Nov-2025 18:10:56 Asia/Shanghai] Test Count Result: {"cnt":1}
[18-Nov-2025 18:10:56 Asia/Shanghai] Project Detail SQL: 
        SELECT
            p.*
        FROM invest_projects p
        WHERE p.id = :id
    
[18-Nov-2025 18:10:56 Asia/Shanghai] Project ID: 12
[18-Nov-2025 18:10:56 Asia/Shanghai] Project Query Result: Found
[18-Nov-2025 18:10:56 Asia/Shanghai] Project Data Keys: id, project_code, title, subtitle, description, category, currency, cover_image, images, cycle_days, base_rate, added_rate, gift_rate, total_rate, min_invest, max_invest, total_quota, schedule, manager_id, risk_level, status, is_index, sort, payment_type, vip_min, need_referral, team_member_required, mcount, version, view_count, invest_count, total_invested, sold, remain, cache_updated_at, created_at, updated_at
[18-Nov-2025 18:11:02 Asia/Shanghai] Project Save Input: {"id":"12","title":"\u7a33\u5065\u7406\u8d22\u8ba1\u5212\uff08\u5df2\u66f4\u65b0\uff09","project_code":"PRJ20251118767","subtitle":"\u6d4b\u8bd5\u66f4\u65b0","category":"IPO","currency":"USDT","status":"1","description":"","cycle_days":"7","base_rate":"3.6","added_rate":"2","gift_rate":"2","min_invest":"500","max_invest":"10000","total_quota":"5000000","manager_id":"0","sort":"11","is_index":"0","payment_type":"0","vip_min":"0","need_referral":"0","team_member_required":"0","mcount":"0"}
[18-Nov-2025 18:11:02 Asia/Shanghai] Content-Type: multipart/form-data; boundary=----WebKitFormBoundaryGp9FQRIBJyk0hEkS
[18-Nov-2025 18:11:02 Asia/Shanghai] 准备更新项目，ID: 12
[18-Nov-2025 18:11:02 Asia/Shanghai] 更新数据: {"title":"稳健理财计划（已更新）","subtitle":"测试更新","description":"","category":"IPO","currency":"USDT","cycle_days":7,"base_rate":3.6,"added_rate":2,"gift_rate":2,"total_rate":7.6,"min_invest":500,"max_invest":10000,"total_quota":5000000,"manager_id":0,"status":1,"is_index":0,"sort":11,"payment_type":0,"vip_min":0,"need_referral":0,"team_member_required":0,"mcount":0,"updated_at":"2025-11-18 18:11:02","version":3}
[18-Nov-2025 18:11:02 Asia/Shanghai] 更新结果: true
[18-Nov-2025 18:11:09 Asia/Shanghai] Test Count Result: {"cnt":1}
[18-Nov-2025 18:11:09 Asia/Shanghai] Project Detail SQL: 
        SELECT
            p.*
        FROM invest_projects p
        WHERE p.id = :id
    
[18-Nov-2025 18:11:09 Asia/Shanghai] Project ID: 12
[18-Nov-2025 18:11:09 Asia/Shanghai] Project Query Result: Found
[18-Nov-2025 18:11:09 Asia/Shanghai] Project Data Keys: id, project_code, title, subtitle, description, category, currency, cover_image, images, cycle_days, base_rate, added_rate, gift_rate, total_rate, min_invest, max_invest, total_quota, schedule, manager_id, risk_level, status, is_index, sort, payment_type, vip_min, need_referral, team_member_required, mcount, version, view_count, invest_count, total_invested, sold, remain, cache_updated_at, created_at, updated_at
[18-Nov-2025 18:11:24 Asia/Shanghai] Project Save Input: {"id":"12","title":"\u7a33\u5065\u7406\u8d22\u8ba1\u5212\uff08\u5df2\u66f4\u65b0\uff09","project_code":"PRJ20251118767","subtitle":"\u6d4b\u8bd5\u66f4\u65b0","category":"IPO","currency":"USDT","status":"1","description":"","cycle_days":"7","base_rate":"3.6","added_rate":"2","gift_rate":"2","min_invest":"500","max_invest":"10000","total_quota":"5000000","manager_id":"0","sort":"11","is_index":"1","payment_type":"0","vip_min":"0","need_referral":"0","team_member_required":"0","mcount":"0"}
[18-Nov-2025 18:11:24 Asia/Shanghai] Content-Type: multipart/form-data; boundary=----WebKitFormBoundary566UDRQFBAAFLfO6
[18-Nov-2025 18:11:24 Asia/Shanghai] 准备更新项目，ID: 12
[18-Nov-2025 18:11:24 Asia/Shanghai] 更新数据: {"title":"稳健理财计划（已更新）","subtitle":"测试更新","description":"","category":"IPO","currency":"USDT","cycle_days":7,"base_rate":3.6,"added_rate":2,"gift_rate":2,"total_rate":7.6,"min_invest":500,"max_invest":10000,"total_quota":5000000,"manager_id":0,"status":1,"is_index":1,"sort":11,"payment_type":0,"vip_min":0,"need_referral":0,"team_member_required":0,"mcount":0,"updated_at":"2025-11-18 18:11:24","version":4}
[18-Nov-2025 18:11:24 Asia/Shanghai] 更新结果: true
[18-Nov-2025 18:11:30 Asia/Shanghai] Test Count Result: {"cnt":1}
[18-Nov-2025 18:11:30 Asia/Shanghai] Project Detail SQL: 
        SELECT
            p.*
        FROM invest_projects p
        WHERE p.id = :id
    
[18-Nov-2025 18:11:30 Asia/Shanghai] Project ID: 13
[18-Nov-2025 18:11:30 Asia/Shanghai] Project Query Result: Found
[18-Nov-2025 18:11:30 Asia/Shanghai] Project Data Keys: id, project_code, title, subtitle, description, category, currency, cover_image, images, cycle_days, base_rate, added_rate, gift_rate, total_rate, min_invest, max_invest, total_quota, schedule, manager_id, risk_level, status, is_index, sort, payment_type, vip_min, need_referral, team_member_required, mcount, version, view_count, invest_count, total_invested, sold, remain, cache_updated_at, created_at, updated_at
[18-Nov-2025 18:11:30 Asia/Shanghai] SQL Error: SQLSTATE[42S22]: Column not found: 1054 Unknown column 'introduction' in 'field list'
[18-Nov-2025 18:11:39 Asia/Shanghai] Project Save Input: {"id":"13","title":"\u9ad8\u6536\u76ca\u4f18\u9009","project_code":"PRJ20251118912","subtitle":"","category":"INVEST","currency":"CNY","status":"1","description":"","cycle_days":"45","base_rate":"3","added_rate":"2.1","gift_rate":"","min_invest":"2000","max_invest":"30000","total_quota":"800000","manager_id":"3","sort":"12","is_index":"1","payment_type":"0","vip_min":"0","need_referral":"0","team_member_required":"0","mcount":"0"}
[18-Nov-2025 18:11:39 Asia/Shanghai] Content-Type: multipart/form-data; boundary=----WebKitFormBoundarybBGAQXOeqXBedCQ2
[18-Nov-2025 18:11:39 Asia/Shanghai] 准备更新项目，ID: 13
[18-Nov-2025 18:11:39 Asia/Shanghai] 更新数据: {"title":"高收益优选","subtitle":"","description":"","category":"INVEST","currency":"CNY","cycle_days":45,"base_rate":3,"added_rate":2.1,"gift_rate":0,"total_rate":5.1,"min_invest":2000,"max_invest":30000,"total_quota":800000,"manager_id":3,"status":1,"is_index":1,"sort":12,"payment_type":0,"vip_min":0,"need_referral":0,"team_member_required":0,"mcount":0,"updated_at":"2025-11-18 18:11:39","version":2}
[18-Nov-2025 18:11:39 Asia/Shanghai] 更新结果: true
[18-Nov-2025 18:13:42 Asia/Shanghai] [AI Chat] 未提供Token - 检查了HTTP头、POST和GET参数
[18-Nov-2025 18:19:32 Asia/Shanghai] [AI Chat] 未提供Token - 检查了HTTP头、POST和GET参数
[18-Nov-2025 18:21:30 Asia/Shanghai] [AI Chat] 未提供Token - 检查了HTTP头、POST和GET参数
[18-Nov-2025 18:21:30 Asia/Shanghai] [AI Chat] 未提供Token - 检查了HTTP头、POST和GET参数
[18-Nov-2025 18:23:07 Asia/Shanghai] [AI Chat] 未提供Token - 检查了HTTP头、POST和GET参数
[18-Nov-2025 18:23:10 Asia/Shanghai] [AI Chat] 未提供Token - 检查了HTTP头、POST和GET参数
[18-Nov-2025 18:25:13 Asia/Shanghai] 支付订单回调地址: https://apis.copla.top/index.php/pay/notify
[18-Nov-2025 18:25:13 Asia/Shanghai] 支付订单创建 - 获取到的用户IP: 2406:2d40:6359:110:bc38:d6b7:5f97:782b
[18-Nov-2025 18:25:13 Asia/Shanghai] 支付订单创建 [用户ID:1, 订单号:RCH202511181825132484, 金额:100, 通道:S01, 回调:https://apis.copla.top/index.php/pay/notify, 跳转:https://copla.top/recharge.html]
[18-Nov-2025 18:25:13 Asia/Shanghai] 支付网关请求参数: {"merchantCode":"M1763172182","channelType":"S01","merchantOrderNo":"RCH202511181825132484","amount":"100.00","notifyUrl":"https:\/\/apis.copla.top\/index.php\/pay\/notify","returnUrl":"https:\/\/copla.top\/recharge.html","ip":"2406:2d40:6359:110:bc38:d6b7:5f97:782b","title":"充值订单","describe":"用户充值"}
[18-Nov-2025 18:25:13 Asia/Shanghai] 支付网关签名字符串: amount=100.00&channelType=S01&describe=用户充值&ip=2406:2d40:6359:110:bc38:d6b7:5f97:782b&merchantCode=M1763172182&merchantOrderNo=RCH202511181825132484&notifyUrl=https://apis.copla.top/index.php/pay/notify&returnUrl=https://copla.top/recharge.html&title=充值订单&key=3e4cbfb35a35787ccc98bd13027b4a02
[18-Nov-2025 18:25:13 Asia/Shanghai] 支付网关生成签名: 31bd0ffcab67cab4c32ef0718a8ed48d
[18-Nov-2025 18:25:13 Asia/Shanghai] 支付网关签名后参数: {"merchantCode":"M1763172182","channelType":"S01","merchantOrderNo":"RCH202511181825132484","amount":"100.00","notifyUrl":"https:\/\/apis.copla.top\/index.php\/pay\/notify","returnUrl":"https:\/\/copla.top\/recharge.html","ip":"2406:2d40:6359:110:bc38:d6b7:5f97:782b","title":"充值订单","describe":"用户充值","sign":"31bd0ffcab67cab4c32ef0718a8ed48d"}
[18-Nov-2025 18:25:13 Asia/Shanghai] 支付网关请求 [URL:https://sevenpay.lh.plus/api/pay/create]: {"merchantCode":"M1763172182","channelType":"S01","merchantOrderNo":"RCH202511181825132484","amount":"100.00","notifyUrl":"https:\/\/apis.copla.top\/index.php\/pay\/notify","returnUrl":"https:\/\/copla.top\/recharge.html","ip":"2406:2d40:6359:110:bc38:d6b7:5f97:782b","title":"充值订单","describe":"用户充值","sign":"31bd0ffcab67cab4c32ef0718a8ed48d"}
[18-Nov-2025 18:25:13 Asia/Shanghai] 支付网关表单数据: merchantCode=M1763172182&channelType=S01&merchantOrderNo=RCH202511181825132484&amount=100.00&notifyUrl=https%3A%2F%2Fapis.copla.top%2Findex.php%2Fpay%2Fnotify&returnUrl=https%3A%2F%2Fcopla.top%2Frecharge.html&ip=2406%3A2d40%3A6359%3A110%3Abc38%3Ad6b7%3A5f97%3A782b&title=%E5%85%85%E5%80%BC%E8%AE%A2%E5%8D%95&describe=%E7%94%A8%E6%88%B7%E5%85%85%E5%80%BC&sign=31bd0ffcab67cab4c32ef0718a8ed48d
[18-Nov-2025 18:25:15 Asia/Shanghai] 支付网关原始响应: {"code":1,"message":"下单成功","data":{"payUrl":"https:\/\/open.alipay.hxgybu.cn\/cashier\/order\/2025111818251487929021464?t=30193729274789513","orderNo":"P17634615111585413801","expireTime":1763547911}}
[18-Nov-2025 18:25:15 Asia/Shanghai] 支付网关解析后响应: {"code":1,"message":"下单成功","data":{"payUrl":"https:\/\/open.alipay.hxgybu.cn\/cashier\/order\/2025111818251487929021464?t=30193729274789513","orderNo":"P17634615111585413801","expireTime":1763547911}}
[18-Nov-2025 18:25:15 Asia/Shanghai] 支付网关返回 [订单:RCH202511181825132484]: {"code":1,"message":"下单成功","data":{"payUrl":"https:\/\/open.alipay.hxgybu.cn\/cashier\/order\/2025111818251487929021464?t=30193729274789513","orderNo":"P17634615111585413801","expireTime":1763547911}}
[18-Nov-2025 18:25:15 Asia/Shanghai] 准备插入充值记录 [用户:1, 订单:RCH202511181825132484]: {"order_no":"RCH202511181825132484","user_id":1,"amount":100,"currency":"CNY","payment_method":"alipay","status":0,"meta":"{\"ip\":\"172.70.188.148\",\"user_agent\":\"Mozilla\\\/5.0 (iPhone; CPU iPhone OS 26_0_1 like Mac OS X) AppleWebKit\\\/605.1.15 (KHTML, like Gecko) CriOS\\\/142.0.7444.148 Mobile\\\/15E148 Safari\\\/604.1\",\"channel\":\"S01\",\"channel_name\":\"支付宝小额原生\",\"payment_gateway\":\"sevenpay\",\"gateway_order_no\":\"P17634615111585413801\",\"gateway_response\":{\"code\":1,\"message\":\"下单成功\",\"data\":{\"payUrl\":\"https:\\\/\\\/open.alipay.hxgybu.cn\\\/cashier\\\/order\\\/2025111818251487929021464?t=30193729274789513\",\"orderNo\":\"P17634615111585413801\",\"expireTime\":1763547911}},\"pay_url\":\"https:\\\/\\\/open.alipay.hxgybu.cn\\\/cashier\\\/order\\\/2025111818251487929021464?t=30193729274789513\",\"qr_code\":\"\",\"expire_time\":1763547911,\"timestamp\":1763461515}","created_at":"2025-11-18 18:25:15"}
[18-Nov-2025 18:25:15 Asia/Shanghai] 充值记录插入成功 [ID:31, 用户:1, 订单:RCH202511181825132484]
[18-Nov-2025 18:25:24 Asia/Shanghai] 支付订单回调地址: https://apis.copla.top/index.php/pay/notify
[18-Nov-2025 18:25:24 Asia/Shanghai] 支付订单创建 - 获取到的用户IP: 2406:2d40:6359:110:bc38:d6b7:5f97:782b
[18-Nov-2025 18:25:24 Asia/Shanghai] 支付订单创建 [用户ID:1, 订单号:RCH202511181825240760, 金额:100, 通道:S02, 回调:https://apis.copla.top/index.php/pay/notify, 跳转:https://copla.top/recharge.html]
[18-Nov-2025 18:25:24 Asia/Shanghai] 支付网关请求参数: {"merchantCode":"M1763172182","channelType":"S02","merchantOrderNo":"RCH202511181825240760","amount":"100.00","notifyUrl":"https:\/\/apis.copla.top\/index.php\/pay\/notify","returnUrl":"https:\/\/copla.top\/recharge.html","ip":"2406:2d40:6359:110:bc38:d6b7:5f97:782b","title":"充值订单","describe":"用户充值"}
[18-Nov-2025 18:25:24 Asia/Shanghai] 支付网关签名字符串: amount=100.00&channelType=S02&describe=用户充值&ip=2406:2d40:6359:110:bc38:d6b7:5f97:782b&merchantCode=M1763172182&merchantOrderNo=RCH202511181825240760&notifyUrl=https://apis.copla.top/index.php/pay/notify&returnUrl=https://copla.top/recharge.html&title=充值订单&key=3e4cbfb35a35787ccc98bd13027b4a02
[18-Nov-2025 18:25:24 Asia/Shanghai] 支付网关生成签名: ef21fbf569592ef617b4f0159a03b9e0
[18-Nov-2025 18:25:24 Asia/Shanghai] 支付网关签名后参数: {"merchantCode":"M1763172182","channelType":"S02","merchantOrderNo":"RCH202511181825240760","amount":"100.00","notifyUrl":"https:\/\/apis.copla.top\/index.php\/pay\/notify","returnUrl":"https:\/\/copla.top\/recharge.html","ip":"2406:2d40:6359:110:bc38:d6b7:5f97:782b","title":"充值订单","describe":"用户充值","sign":"ef21fbf569592ef617b4f0159a03b9e0"}
[18-Nov-2025 18:25:24 Asia/Shanghai] 支付网关请求 [URL:https://sevenpay.lh.plus/api/pay/create]: {"merchantCode":"M1763172182","channelType":"S02","merchantOrderNo":"RCH202511181825240760","amount":"100.00","notifyUrl":"https:\/\/apis.copla.top\/index.php\/pay\/notify","returnUrl":"https:\/\/copla.top\/recharge.html","ip":"2406:2d40:6359:110:bc38:d6b7:5f97:782b","title":"充值订单","describe":"用户充值","sign":"ef21fbf569592ef617b4f0159a03b9e0"}
[18-Nov-2025 18:25:24 Asia/Shanghai] 支付网关表单数据: merchantCode=M1763172182&channelType=S02&merchantOrderNo=RCH202511181825240760&amount=100.00&notifyUrl=https%3A%2F%2Fapis.copla.top%2Findex.php%2Fpay%2Fnotify&returnUrl=https%3A%2F%2Fcopla.top%2Frecharge.html&ip=2406%3A2d40%3A6359%3A110%3Abc38%3Ad6b7%3A5f97%3A782b&title=%E5%85%85%E5%80%BC%E8%AE%A2%E5%8D%95&describe=%E7%94%A8%E6%88%B7%E5%85%85%E5%80%BC&sign=ef21fbf569592ef617b4f0159a03b9e0
[18-Nov-2025 18:25:25 Asia/Shanghai] 支付网关原始响应: {"code":1,"message":"下单成功","data":{"payUrl":"https:\/\/txh.hxgybu.cn\/cashier\/order\/2025111818252562429021474?t=30193740020110392","orderNo":"P17634615219958300814","expireTime":1763547921}}
[18-Nov-2025 18:25:25 Asia/Shanghai] 支付网关解析后响应: {"code":1,"message":"下单成功","data":{"payUrl":"https:\/\/txh.hxgybu.cn\/cashier\/order\/2025111818252562429021474?t=30193740020110392","orderNo":"P17634615219958300814","expireTime":1763547921}}
[18-Nov-2025 18:25:25 Asia/Shanghai] 支付网关返回 [订单:RCH202511181825240760]: {"code":1,"message":"下单成功","data":{"payUrl":"https:\/\/txh.hxgybu.cn\/cashier\/order\/2025111818252562429021474?t=30193740020110392","orderNo":"P17634615219958300814","expireTime":1763547921}}
[18-Nov-2025 18:25:25 Asia/Shanghai] 准备插入充值记录 [用户:1, 订单:RCH202511181825240760]: {"order_no":"RCH202511181825240760","user_id":1,"amount":100,"currency":"CNY","payment_method":"wechat","status":0,"meta":"{\"ip\":\"172.70.188.148\",\"user_agent\":\"Mozilla\\\/5.0 (iPhone; CPU iPhone OS 26_0_1 like Mac OS X) AppleWebKit\\\/605.1.15 (KHTML, like Gecko) CriOS\\\/142.0.7444.148 Mobile\\\/15E148 Safari\\\/604.1\",\"channel\":\"S02\",\"channel_name\":\"微信扫码\",\"payment_gateway\":\"sevenpay\",\"gateway_order_no\":\"P17634615219958300814\",\"gateway_response\":{\"code\":1,\"message\":\"下单成功\",\"data\":{\"payUrl\":\"https:\\\/\\\/txh.hxgybu.cn\\\/cashier\\\/order\\\/2025111818252562429021474?t=30193740020110392\",\"orderNo\":\"P17634615219958300814\",\"expireTime\":1763547921}},\"pay_url\":\"https:\\\/\\\/txh.hxgybu.cn\\\/cashier\\\/order\\\/2025111818252562429021474?t=30193740020110392\",\"qr_code\":\"\",\"expire_time\":1763547921,\"timestamp\":1763461525}","created_at":"2025-11-18 18:25:25"}
[18-Nov-2025 18:25:25 Asia/Shanghai] 充值记录插入成功 [ID:32, 用户:1, 订单:RCH202511181825240760]
[18-Nov-2025 18:25:44 Asia/Shanghai] PHP Parse error:  syntax error, unexpected token "catch" in /www/wwwroot/copla/providence-admin/api/pay/usdt-check.php on line 182
[18-Nov-2025 18:26:04 Asia/Shanghai] PHP Parse error:  syntax error, unexpected token "catch" in /www/wwwroot/copla/providence-admin/api/pay/usdt-check.php on line 182
[18-Nov-2025 18:26:09 Asia/Shanghai] PHP Parse error:  syntax error, unexpected token "catch" in /www/wwwroot/copla/providence-admin/api/pay/usdt-check.php on line 182
[18-Nov-2025 18:35:26 Asia/Shanghai] [AI Chat] 未提供Token - 检查了HTTP头、POST和GET参数
[18-Nov-2025 18:35:35 Asia/Shanghai] [AI Chat] 未提供Token - 检查了HTTP头、POST和GET参数
[18-Nov-2025 18:35:44 Asia/Shanghai] [AI Chat] 未提供Token - 检查了HTTP头、POST和GET参数
[18-Nov-2025 18:47:08 Asia/Shanghai] PHP Warning:  file_put_contents(/tmp/register_api.log): Failed to open stream: Permission denied in /www/wwwroot/copla/providence-admin/api/register.php on line 8
[18-Nov-2025 18:47:08 Asia/Shanghai] PHP Warning:  file_put_contents(/tmp/register_api.log): Failed to open stream: Permission denied in /www/wwwroot/copla/providence-admin/api/register.php on line 9
[18-Nov-2025 18:47:08 Asia/Shanghai] PHP Warning:  file_put_contents(/tmp/register_api.log): Failed to open stream: Permission denied in /www/wwwroot/copla/providence-admin/api/register.php on line 19
[18-Nov-2025 18:47:08 Asia/Shanghai] PHP Warning:  file_put_contents(/tmp/register_api.log): Failed to open stream: Permission denied in /www/wwwroot/copla/providence-admin/api/register.php on line 22
[18-Nov-2025 18:47:08 Asia/Shanghai] PHP Warning:  file_put_contents(/tmp/register_api.log): Failed to open stream: Permission denied in /www/wwwroot/copla/providence-admin/api/register.php on line 30
[18-Nov-2025 18:47:08 Asia/Shanghai] PHP Warning:  file_put_contents(/tmp/register_api.log): Failed to open stream: Permission denied in /www/wwwroot/copla/providence-admin/api/register.php on line 92
[18-Nov-2025 18:47:08 Asia/Shanghai] PHP Warning:  file_put_contents(/tmp/register_api.log): Failed to open stream: Permission denied in /www/wwwroot/copla/providence-admin/api/register.php on line 130
[18-Nov-2025 18:47:08 Asia/Shanghai] SQL Error: SQLSTATE[42S02]: Base table or view not found: 1146 Table 'providence.vip_levels' doesn't exist
[18-Nov-2025 18:47:08 Asia/Shanghai] PHP Warning:  file_put_contents(/tmp/register_api.log): Failed to open stream: Permission denied in /www/wwwroot/copla/providence-admin/api/register.php on line 157
[18-Nov-2025 18:47:18 Asia/Shanghai] PHP Warning:  file_put_contents(/tmp/register_api.log): Failed to open stream: Permission denied in /www/wwwroot/copla/providence-admin/api/register.php on line 8
[18-Nov-2025 18:47:18 Asia/Shanghai] PHP Warning:  file_put_contents(/tmp/register_api.log): Failed to open stream: Permission denied in /www/wwwroot/copla/providence-admin/api/register.php on line 9
[18-Nov-2025 18:47:18 Asia/Shanghai] PHP Warning:  file_put_contents(/tmp/register_api.log): Failed to open stream: Permission denied in /www/wwwroot/copla/providence-admin/api/register.php on line 19
[18-Nov-2025 18:47:18 Asia/Shanghai] PHP Warning:  file_put_contents(/tmp/register_api.log): Failed to open stream: Permission denied in /www/wwwroot/copla/providence-admin/api/register.php on line 22
[18-Nov-2025 18:47:18 Asia/Shanghai] PHP Warning:  file_put_contents(/tmp/register_api.log): Failed to open stream: Permission denied in /www/wwwroot/copla/providence-admin/api/register.php on line 30
[18-Nov-2025 18:48:56 Asia/Shanghai] PHP Warning:  file_put_contents(/tmp/register_api.log): Failed to open stream: Permission denied in /www/wwwroot/copla/providence-admin/api/register.php on line 8
[18-Nov-2025 18:48:56 Asia/Shanghai] PHP Warning:  file_put_contents(/tmp/register_api.log): Failed to open stream: Permission denied in /www/wwwroot/copla/providence-admin/api/register.php on line 9
[18-Nov-2025 18:48:56 Asia/Shanghai] PHP Warning:  file_put_contents(/tmp/register_api.log): Failed to open stream: Permission denied in /www/wwwroot/copla/providence-admin/api/register.php on line 19
[18-Nov-2025 18:48:56 Asia/Shanghai] PHP Warning:  file_put_contents(/tmp/register_api.log): Failed to open stream: Permission denied in /www/wwwroot/copla/providence-admin/api/register.php on line 22
[18-Nov-2025 18:48:56 Asia/Shanghai] PHP Warning:  file_put_contents(/tmp/register_api.log): Failed to open stream: Permission denied in /www/wwwroot/copla/providence-admin/api/register.php on line 30
[18-Nov-2025 18:48:56 Asia/Shanghai] PHP Warning:  file_put_contents(/tmp/register_api.log): Failed to open stream: Permission denied in /www/wwwroot/copla/providence-admin/api/register.php on line 92
[18-Nov-2025 18:48:56 Asia/Shanghai] PHP Warning:  file_put_contents(/tmp/register_api.log): Failed to open stream: Permission denied in /www/wwwroot/copla/providence-admin/api/register.php on line 130
[18-Nov-2025 18:48:56 Asia/Shanghai] SQL Error: SQLSTATE[42S02]: Base table or view not found: 1146 Table 'providence.vip_levels' doesn't exist
[18-Nov-2025 18:48:56 Asia/Shanghai] PHP Warning:  file_put_contents(/tmp/register_api.log): Failed to open stream: Permission denied in /www/wwwroot/copla/providence-admin/api/register.php on line 157
[18-Nov-2025 18:48:57 Asia/Shanghai] PHP Warning:  file_put_contents(/tmp/register_api.log): Failed to open stream: Permission denied in /www/wwwroot/copla/providence-admin/api/register.php on line 8
[18-Nov-2025 18:48:57 Asia/Shanghai] PHP Warning:  file_put_contents(/tmp/register_api.log): Failed to open stream: Permission denied in /www/wwwroot/copla/providence-admin/api/register.php on line 9
[18-Nov-2025 18:48:57 Asia/Shanghai] PHP Warning:  file_put_contents(/tmp/register_api.log): Failed to open stream: Permission denied in /www/wwwroot/copla/providence-admin/api/register.php on line 19
[18-Nov-2025 18:48:57 Asia/Shanghai] PHP Warning:  file_put_contents(/tmp/register_api.log): Failed to open stream: Permission denied in /www/wwwroot/copla/providence-admin/api/register.php on line 22
[18-Nov-2025 18:48:57 Asia/Shanghai] PHP Warning:  file_put_contents(/tmp/register_api.log): Failed to open stream: Permission denied in /www/wwwroot/copla/providence-admin/api/register.php on line 30
[18-Nov-2025 18:51:48 Asia/Shanghai] PHP Warning:  file_put_contents(/tmp/register_api.log): Failed to open stream: Permission denied in /www/wwwroot/copla/providence-admin/api/register.php on line 8
[18-Nov-2025 18:51:48 Asia/Shanghai] PHP Warning:  file_put_contents(/tmp/register_api.log): Failed to open stream: Permission denied in /www/wwwroot/copla/providence-admin/api/register.php on line 9
[18-Nov-2025 18:51:48 Asia/Shanghai] PHP Warning:  file_put_contents(/tmp/register_api.log): Failed to open stream: Permission denied in /www/wwwroot/copla/providence-admin/api/register.php on line 19
[18-Nov-2025 18:51:48 Asia/Shanghai] PHP Warning:  file_put_contents(/tmp/register_api.log): Failed to open stream: Permission denied in /www/wwwroot/copla/providence-admin/api/register.php on line 22
[18-Nov-2025 18:51:48 Asia/Shanghai] PHP Warning:  file_put_contents(/tmp/register_api.log): Failed to open stream: Permission denied in /www/wwwroot/copla/providence-admin/api/register.php on line 30
[18-Nov-2025 18:51:48 Asia/Shanghai] PHP Warning:  file_put_contents(/tmp/register_api.log): Failed to open stream: Permission denied in /www/wwwroot/copla/providence-admin/api/register.php on line 92
[18-Nov-2025 18:51:48 Asia/Shanghai] PHP Warning:  file_put_contents(/tmp/register_api.log): Failed to open stream: Permission denied in /www/wwwroot/copla/providence-admin/api/register.php on line 130
[18-Nov-2025 18:51:48 Asia/Shanghai] PHP Warning:  file_put_contents(/tmp/register_api.log): Failed to open stream: Permission denied in /www/wwwroot/copla/providence-admin/api/register.php on line 157
[18-Nov-2025 18:52:27 Asia/Shanghai] PHP Warning:  file_put_contents(/tmp/register_api.log): Failed to open stream: Permission denied in /www/wwwroot/copla/providence-admin/api/register.php on line 8
[18-Nov-2025 18:52:27 Asia/Shanghai] PHP Warning:  file_put_contents(/tmp/register_api.log): Failed to open stream: Permission denied in /www/wwwroot/copla/providence-admin/api/register.php on line 9
[18-Nov-2025 18:52:27 Asia/Shanghai] PHP Warning:  file_put_contents(/tmp/register_api.log): Failed to open stream: Permission denied in /www/wwwroot/copla/providence-admin/api/register.php on line 19
[18-Nov-2025 18:52:27 Asia/Shanghai] PHP Warning:  file_put_contents(/tmp/register_api.log): Failed to open stream: Permission denied in /www/wwwroot/copla/providence-admin/api/register.php on line 22
[18-Nov-2025 18:52:27 Asia/Shanghai] PHP Warning:  file_put_contents(/tmp/register_api.log): Failed to open stream: Permission denied in /www/wwwroot/copla/providence-admin/api/register.php on line 30
[18-Nov-2025 18:53:10 Asia/Shanghai] PHP Warning:  file_put_contents(/tmp/register_api.log): Failed to open stream: Permission denied in /www/wwwroot/copla/providence-admin/api/register.php on line 8
[18-Nov-2025 18:53:10 Asia/Shanghai] PHP Warning:  file_put_contents(/tmp/register_api.log): Failed to open stream: Permission denied in /www/wwwroot/copla/providence-admin/api/register.php on line 9
[18-Nov-2025 18:53:10 Asia/Shanghai] PHP Warning:  file_put_contents(/tmp/register_api.log): Failed to open stream: Permission denied in /www/wwwroot/copla/providence-admin/api/register.php on line 19
[18-Nov-2025 18:53:10 Asia/Shanghai] PHP Warning:  file_put_contents(/tmp/register_api.log): Failed to open stream: Permission denied in /www/wwwroot/copla/providence-admin/api/register.php on line 22
[18-Nov-2025 18:53:10 Asia/Shanghai] PHP Warning:  file_put_contents(/tmp/register_api.log): Failed to open stream: Permission denied in /www/wwwroot/copla/providence-admin/api/register.php on line 30
[18-Nov-2025 18:53:15 Asia/Shanghai] PHP Warning:  file_put_contents(/tmp/register_api.log): Failed to open stream: Permission denied in /www/wwwroot/copla/providence-admin/api/register.php on line 8
[18-Nov-2025 18:53:15 Asia/Shanghai] PHP Warning:  file_put_contents(/tmp/register_api.log): Failed to open stream: Permission denied in /www/wwwroot/copla/providence-admin/api/register.php on line 9
[18-Nov-2025 18:53:15 Asia/Shanghai] PHP Warning:  file_put_contents(/tmp/register_api.log): Failed to open stream: Permission denied in /www/wwwroot/copla/providence-admin/api/register.php on line 19
[18-Nov-2025 18:53:15 Asia/Shanghai] PHP Warning:  file_put_contents(/tmp/register_api.log): Failed to open stream: Permission denied in /www/wwwroot/copla/providence-admin/api/register.php on line 22
[18-Nov-2025 18:53:15 Asia/Shanghai] PHP Warning:  file_put_contents(/tmp/register_api.log): Failed to open stream: Permission denied in /www/wwwroot/copla/providence-admin/api/register.php on line 30
[18-Nov-2025 18:53:15 Asia/Shanghai] PHP Warning:  file_put_contents(/tmp/register_api.log): Failed to open stream: Permission denied in /www/wwwroot/copla/providence-admin/api/register.php on line 8
[18-Nov-2025 18:53:15 Asia/Shanghai] PHP Warning:  file_put_contents(/tmp/register_api.log): Failed to open stream: Permission denied in /www/wwwroot/copla/providence-admin/api/register.php on line 9
[18-Nov-2025 18:53:15 Asia/Shanghai] PHP Warning:  file_put_contents(/tmp/register_api.log): Failed to open stream: Permission denied in /www/wwwroot/copla/providence-admin/api/register.php on line 19
[18-Nov-2025 18:53:15 Asia/Shanghai] PHP Warning:  file_put_contents(/tmp/register_api.log): Failed to open stream: Permission denied in /www/wwwroot/copla/providence-admin/api/register.php on line 22
[18-Nov-2025 18:53:15 Asia/Shanghai] PHP Warning:  file_put_contents(/tmp/register_api.log): Failed to open stream: Permission denied in /www/wwwroot/copla/providence-admin/api/register.php on line 30
[18-Nov-2025 18:54:04 Asia/Shanghai] PHP Warning:  file_put_contents(/tmp/register_api.log): Failed to open stream: Permission denied in /www/wwwroot/copla/providence-admin/api/register.php on line 8
[18-Nov-2025 18:54:04 Asia/Shanghai] PHP Warning:  file_put_contents(/tmp/register_api.log): Failed to open stream: Permission denied in /www/wwwroot/copla/providence-admin/api/register.php on line 9
[18-Nov-2025 18:54:04 Asia/Shanghai] PHP Warning:  file_put_contents(/tmp/register_api.log): Failed to open stream: Permission denied in /www/wwwroot/copla/providence-admin/api/register.php on line 19
[18-Nov-2025 18:54:04 Asia/Shanghai] PHP Warning:  file_put_contents(/tmp/register_api.log): Failed to open stream: Permission denied in /www/wwwroot/copla/providence-admin/api/register.php on line 22
[18-Nov-2025 18:54:04 Asia/Shanghai] PHP Warning:  file_put_contents(/tmp/register_api.log): Failed to open stream: Permission denied in /www/wwwroot/copla/providence-admin/api/register.php on line 30
[18-Nov-2025 18:54:07 Asia/Shanghai] PHP Warning:  file_put_contents(/tmp/register_api.log): Failed to open stream: Permission denied in /www/wwwroot/copla/providence-admin/api/register.php on line 8
[18-Nov-2025 18:54:07 Asia/Shanghai] PHP Warning:  file_put_contents(/tmp/register_api.log): Failed to open stream: Permission denied in /www/wwwroot/copla/providence-admin/api/register.php on line 9
[18-Nov-2025 18:54:07 Asia/Shanghai] PHP Warning:  file_put_contents(/tmp/register_api.log): Failed to open stream: Permission denied in /www/wwwroot/copla/providence-admin/api/register.php on line 19
[18-Nov-2025 18:54:07 Asia/Shanghai] PHP Warning:  file_put_contents(/tmp/register_api.log): Failed to open stream: Permission denied in /www/wwwroot/copla/providence-admin/api/register.php on line 22
[18-Nov-2025 18:54:07 Asia/Shanghai] PHP Warning:  file_put_contents(/tmp/register_api.log): Failed to open stream: Permission denied in /www/wwwroot/copla/providence-admin/api/register.php on line 30
[18-Nov-2025 18:54:48 Asia/Shanghai] PHP Warning:  file_put_contents(/tmp/register_api.log): Failed to open stream: Permission denied in /www/wwwroot/copla/providence-admin/api/register.php on line 8
[18-Nov-2025 18:54:48 Asia/Shanghai] PHP Warning:  file_put_contents(/tmp/register_api.log): Failed to open stream: Permission denied in /www/wwwroot/copla/providence-admin/api/register.php on line 9
[18-Nov-2025 18:54:48 Asia/Shanghai] PHP Warning:  file_put_contents(/tmp/register_api.log): Failed to open stream: Permission denied in /www/wwwroot/copla/providence-admin/api/register.php on line 19
[18-Nov-2025 18:54:48 Asia/Shanghai] PHP Warning:  file_put_contents(/tmp/register_api.log): Failed to open stream: Permission denied in /www/wwwroot/copla/providence-admin/api/register.php on line 22
[18-Nov-2025 18:54:48 Asia/Shanghai] PHP Warning:  file_put_contents(/tmp/register_api.log): Failed to open stream: Permission denied in /www/wwwroot/copla/providence-admin/api/register.php on line 30
[18-Nov-2025 18:54:48 Asia/Shanghai] PHP Warning:  file_put_contents(/tmp/register_api.log): Failed to open stream: Permission denied in /www/wwwroot/copla/providence-admin/api/register.php on line 92
[18-Nov-2025 18:54:48 Asia/Shanghai] PHP Warning:  file_put_contents(/tmp/register_api.log): Failed to open stream: Permission denied in /www/wwwroot/copla/providence-admin/api/register.php on line 130
[18-Nov-2025 18:54:48 Asia/Shanghai] SQL Error: SQLSTATE[42S02]: Base table or view not found: 1146 Table 'providence.vip_levels' doesn't exist
[18-Nov-2025 18:54:48 Asia/Shanghai] PHP Warning:  file_put_contents(/tmp/register_api.log): Failed to open stream: Permission denied in /www/wwwroot/copla/providence-admin/api/register.php on line 157
[18-Nov-2025 19:02:46 Asia/Shanghai] PHP Warning:  file_put_contents(/tmp/register_api.log): Failed to open stream: Permission denied in /www/wwwroot/copla/providence-admin/api/register.php on line 9
[18-Nov-2025 19:02:46 Asia/Shanghai] PHP Warning:  file_put_contents(/tmp/register_api.log): Failed to open stream: Permission denied in /www/wwwroot/copla/providence-admin/api/register.php on line 10
[18-Nov-2025 19:02:46 Asia/Shanghai] PHP Warning:  file_put_contents(/tmp/register_api.log): Failed to open stream: Permission denied in /www/wwwroot/copla/providence-admin/api/register.php on line 21
[18-Nov-2025 19:02:46 Asia/Shanghai] PHP Warning:  file_put_contents(/tmp/register_api.log): Failed to open stream: Permission denied in /www/wwwroot/copla/providence-admin/api/register.php on line 24
[18-Nov-2025 19:02:46 Asia/Shanghai] PHP Warning:  file_put_contents(/tmp/register_api.log): Failed to open stream: Permission denied in /www/wwwroot/copla/providence-admin/api/register.php on line 32
[18-Nov-2025 19:02:54 Asia/Shanghai] PHP Warning:  file_put_contents(/tmp/register_api.log): Failed to open stream: Permission denied in /www/wwwroot/copla/providence-admin/api/register.php on line 9
[18-Nov-2025 19:02:54 Asia/Shanghai] PHP Warning:  file_put_contents(/tmp/register_api.log): Failed to open stream: Permission denied in /www/wwwroot/copla/providence-admin/api/register.php on line 10
[18-Nov-2025 19:02:54 Asia/Shanghai] PHP Warning:  file_put_contents(/tmp/register_api.log): Failed to open stream: Permission denied in /www/wwwroot/copla/providence-admin/api/register.php on line 21
[18-Nov-2025 19:02:54 Asia/Shanghai] PHP Warning:  file_put_contents(/tmp/register_api.log): Failed to open stream: Permission denied in /www/wwwroot/copla/providence-admin/api/register.php on line 24
[18-Nov-2025 19:02:54 Asia/Shanghai] PHP Warning:  file_put_contents(/tmp/register_api.log): Failed to open stream: Permission denied in /www/wwwroot/copla/providence-admin/api/register.php on line 32
[18-Nov-2025 19:04:30 Asia/Shanghai] PHP Warning:  file_put_contents(/tmp/register_api.log): Failed to open stream: Permission denied in /www/wwwroot/copla/providence-admin/api/register.php on line 9
[18-Nov-2025 19:04:30 Asia/Shanghai] PHP Warning:  file_put_contents(/tmp/register_api.log): Failed to open stream: Permission denied in /www/wwwroot/copla/providence-admin/api/register.php on line 10
[18-Nov-2025 19:04:30 Asia/Shanghai] PHP Warning:  file_put_contents(/tmp/register_api.log): Failed to open stream: Permission denied in /www/wwwroot/copla/providence-admin/api/register.php on line 21
[18-Nov-2025 19:04:30 Asia/Shanghai] PHP Warning:  file_put_contents(/tmp/register_api.log): Failed to open stream: Permission denied in /www/wwwroot/copla/providence-admin/api/register.php on line 24
[18-Nov-2025 19:04:30 Asia/Shanghai] PHP Warning:  file_put_contents(/tmp/register_api.log): Failed to open stream: Permission denied in /www/wwwroot/copla/providence-admin/api/register.php on line 32
[18-Nov-2025 19:04:30 Asia/Shanghai] PHP Warning:  file_put_contents(/tmp/register_api.log): Failed to open stream: Permission denied in /www/wwwroot/copla/providence-admin/api/register.php on line 94
[18-Nov-2025 19:04:30 Asia/Shanghai] PHP Warning:  file_put_contents(/tmp/register_api.log): Failed to open stream: Permission denied in /www/wwwroot/copla/providence-admin/api/register.php on line 132
[18-Nov-2025 19:04:30 Asia/Shanghai] SQL Error: SQLSTATE[42S02]: Base table or view not found: 1146 Table 'providence.vip_levels' doesn't exist
[18-Nov-2025 19:04:30 Asia/Shanghai] PHP Warning:  file_put_contents(/tmp/register_api.log): Failed to open stream: Permission denied in /www/wwwroot/copla/providence-admin/api/register.php on line 159
[18-Nov-2025 19:04:35 Asia/Shanghai] PHP Warning:  file_put_contents(/tmp/register_api.log): Failed to open stream: Permission denied in /www/wwwroot/copla/providence-admin/api/register.php on line 164
[18-Nov-2025 19:04:36 Asia/Shanghai] PHP Warning:  file_put_contents(/tmp/register_api.log): Failed to open stream: Permission denied in /www/wwwroot/copla/providence-admin/api/register.php on line 9
[18-Nov-2025 19:04:36 Asia/Shanghai] PHP Warning:  file_put_contents(/tmp/register_api.log): Failed to open stream: Permission denied in /www/wwwroot/copla/providence-admin/api/register.php on line 10
[18-Nov-2025 19:04:36 Asia/Shanghai] PHP Warning:  file_put_contents(/tmp/register_api.log): Failed to open stream: Permission denied in /www/wwwroot/copla/providence-admin/api/register.php on line 21
[18-Nov-2025 19:04:36 Asia/Shanghai] PHP Warning:  file_put_contents(/tmp/register_api.log): Failed to open stream: Permission denied in /www/wwwroot/copla/providence-admin/api/register.php on line 24
[18-Nov-2025 19:04:36 Asia/Shanghai] PHP Warning:  file_put_contents(/tmp/register_api.log): Failed to open stream: Permission denied in /www/wwwroot/copla/providence-admin/api/register.php on line 32
[18-Nov-2025 19:29:01 Asia/Shanghai] PHP Warning:  file_put_contents(/tmp/register_api.log): Failed to open stream: Permission denied in /www/wwwroot/copla/providence-admin/api/register.php on line 9
[18-Nov-2025 19:29:01 Asia/Shanghai] PHP Warning:  file_put_contents(/tmp/register_api.log): Failed to open stream: Permission denied in /www/wwwroot/copla/providence-admin/api/register.php on line 10
[18-Nov-2025 19:29:01 Asia/Shanghai] PHP Warning:  file_put_contents(/tmp/register_api.log): Failed to open stream: Permission denied in /www/wwwroot/copla/providence-admin/api/register.php on line 21
[18-Nov-2025 19:29:01 Asia/Shanghai] PHP Warning:  file_put_contents(/tmp/register_api.log): Failed to open stream: Permission denied in /www/wwwroot/copla/providence-admin/api/register.php on line 24
[18-Nov-2025 19:29:01 Asia/Shanghai] PHP Warning:  file_put_contents(/tmp/register_api.log): Failed to open stream: Permission denied in /www/wwwroot/copla/providence-admin/api/register.php on line 32
[18-Nov-2025 19:29:01 Asia/Shanghai] PHP Warning:  file_put_contents(/tmp/register_api.log): Failed to open stream: Permission denied in /www/wwwroot/copla/providence-admin/api/register.php on line 94
[18-Nov-2025 19:29:01 Asia/Shanghai] PHP Warning:  file_put_contents(/tmp/register_api.log): Failed to open stream: Permission denied in /www/wwwroot/copla/providence-admin/api/register.php on line 132
[18-Nov-2025 19:29:01 Asia/Shanghai] SQL Error: SQLSTATE[42S02]: Base table or view not found: 1146 Table 'providence.vip_levels' doesn't exist
[18-Nov-2025 19:29:01 Asia/Shanghai] PHP Warning:  file_put_contents(/tmp/register_api.log): Failed to open stream: Permission denied in /www/wwwroot/copla/providence-admin/api/register.php on line 159
[18-Nov-2025 19:29:02 Asia/Shanghai] PHP Warning:  file_put_contents(/tmp/register_api.log): Failed to open stream: Permission denied in /www/wwwroot/copla/providence-admin/api/register.php on line 164
[19-Nov-2025 00:57:32 Asia/Shanghai] PHP Fatal error:  Uncaught Error: Call to undefined method Database::execute() in /www/wwwroot/copla/providence-admin/api/user/sign-do.php:58
Stack trace:
#0 /www/wwwroot/copla/providence-admin/api/index.php(200): require()
#1 {main}
  thrown in /www/wwwroot/copla/providence-admin/api/user/sign-do.php on line 58
[19-Nov-2025 05:01:43 Asia/Shanghai] [AI Chat] 未提供Token - 检查了HTTP头、POST和GET参数
